country,1950,1951,1952,1953,1954,1955,1956,1957,1958,1959,1960,1961,1962,1963,1964,1965,1966,1967,1968,1969,1970,1971,1972,1973,1974,1975,1976,1977,1978,1979,1980,1981,1982,1983,1984,1985,1986,1987,1988,1989,1990,1991,1992,1993,1994,1995,1996,1997,1998,1999,2000,2001,2002,2003,2004,2005,2006,2007,2008,2009,2010,2011,2012,2013,2014,2015,2016,2017,2018,2019,2020,2021,2022,2023,2024,2025,2026,2027,2028,2029,2030,2031,2032,2033,2034,2035,2036,2037,2038,2039,2040,2041,2042,2043,2044,2045,2046,2047,2048,2049,2050,2051,2052,2053,2054,2055,2056,2057,2058,2059,2060,2061,2062,2063,2064,2065,2066,2067,2068,2069,2070,2071,2072,2073,2074,2075,2076,2077,2078,2079,2080,2081,2082,2083,2084,2085,2086,2087,2088,2089,2090,2091,2092,2093,2094,2095,2096,2097,2098,2099,2100
Afghanistan,19.4,,,,,19.2,,,,,18.8,,,,,18.4,,,,,17.9,,,,,17.3,,,,,16.9,,,,,16.2,,,,,15.8,,,,,16,,,,,15.5,,,,,16,,,,,15.9,,,,,17.2,,,,,18.4,,,,,19.9,,,,,21.5,,,,,23.2,,,,,24.9,,,,,26.6,,,,,28.4,,,,,30.2,,,,,32,,,,,33.8,,,,,35.5,,,,,37.1,,,,,38.6,,,,,40,,,,,41.2,,,,,42.3,,,,,43.4
Albania,21.2,,,,,20.6,,,,,20.2,,,,,19.7,,,,,19.6,,,,,20.2,,,,,21.4,,,,,22.8,,,,,24,,,,,24.6,,,,,27,,,,,29.1,,,,,32.2,,,,,34.9,,,,,36.4,,,,,38.4,,,,,40.7,,,,,43.2,,,,,45.7,,,,,47.9,,,,,50,,,,,51.6,,,,,53,,,,,54.3,,,,,55.8,,,,,57.3,,,,,58.6,,,,,59.8,,,,,60.5,,,,,60.9,,,,,61.5
Algeria,19.4,,,,,18.5,,,,,17.8,,,,,16.6,,,,,16.4,,,,,16.5,,,,,16.7,,,,,17.1,,,,,18,,,,,19.4,,,,,21.7,,,,,24.1,,,,,26,,,,,27.5,,,,,28.5,,,,,29.6,,,,,30.3,,,,,30.8,,,,,32,,,,,33.4,,,,,34.9,,,,,36.7,,,,,38.2,,,,,39.6,,,,,40.5,,,,,41.1,,,,,41.7,,,,,42.6,,,,,43.6,,,,,44.8,,,,,45.8
Angola,19.8,,,,,19.6,,,,,20.2,,,,,18.4,,,,,17.6,,,,,16.9,,,,,16.8,,,,,16.3,,,,,16.1,,,,,16.1,,,,,16.3,,,,,16.4,,,,,16.4,,,,,16.4,,,,,16.7,,,,,17.2,,,,,17.9,,,,,18.6,,,,,19.2,,,,,19.9,,,,,20.7,,,,,21.6,,,,,22.4,,,,,23.3,,,,,24.2,,,,,25,,,,,25.9,,,,,26.8,,,,,27.7,,,,,28.6,,,,,29.5
Antigua and Barbuda,19.2,,,,,18.8,,,,,18.5,,,,,17.8,,,,,17.4,,,,,19,,,,,21,,,,,23.1,,,,,25.2,,,,,26.5,,,,,28.1,,,,,29.5,,,,,31.1,,,,,32.6,,,,,34,,,,,35.4,,,,,36.9,,,,,38.3,,,,,39.7,,,,,40.6,,,,,41.3,,,,,42,,,,,42.9,,,,,43.7,,,,,44.5,,,,,45.1,,,,,45.6,,,,,46.1,,,,,46.6,,,,,47.1,,,,,47.6
Argentina,25.4,,,,,26,,,,,26.6,,,,,26.9,,,,,27.1,,,,,27.2,,,,,27.2,,,,,27.1,,,,,27,,,,,27.1,,,,,27.6,,,,,28.5,,,,,29.6,,,,,30.5,,,,,31.5,,,,,32.7,,,,,33.8,,,,,34.9,,,,,36,,,,,37.1,,,,,38.2,,,,,39.3,,,,,40.4,,,,,41.4,,,,,42.4,,,,,43.3,,,,,44.1,,,,,44.8,,,,,45.5,,,,,46.1,,,,,46.7
Armenia,22.4,,,,,22.7,,,,,22.4,,,,,20.6,,,,,20.3,,,,,21.8,,,,,23.5,,,,,25.3,,,,,27.2,,,,,29.4,,,,,30.6,,,,,31.8,,,,,32.9,,,,,33.8,,,,,35.4,,,,,37.5,,,,,39.8,,,,,41.7,,,,,42.8,,,,,43,,,,,43.2,,,,,44.1,,,,,45.4,,,,,46.6,,,,,47.4,,,,,47.5,,,,,47.2,,,,,47.1,,,,,47.5,,,,,48.2,,,,,48.9
Australia,30.4,,,,,30.2,,,,,29.6,,,,,28.3,,,,,27.4,,,,,28.1,,,,,29.3,,,,,30.7,,,,,32.1,,,,,33.6,,,,,35.4,,,,,36.5,,,,,36.8,,,,,37.2,,,,,37.9,,,,,38.9,,,,,40,,,,,40.8,,,,,41.3,,,,,41.5,,,,,41.8,,,,,42.2,,,,,42.8,,,,,43.3,,,,,43.8,,,,,44.1,,,,,44.3,,,,,44.5,,,,,44.8,,,,,45.2,,,,,45.6
Austria,35.7,,,,,35.1,,,,,35.4,,,,,34.7,,,,,33.6,,,,,33.9,,,,,35,,,,,35.8,,,,,36.5,,,,,36.3,,,,,38.2,,,,,40,,,,,41.9,,,,,43.2,,,,,43.5,,,,,44.3,,,,,45.5,,,,,46.7,,,,,48,,,,,49,,,,,49.3,,,,,49.1,,,,,48.7,,,,,48.4,,,,,48.6,,,,,48.7,,,,,48.8,,,,,48.6,,,,,48.4,,,,,48.3,,,,,48.5
Azerbaijan,21.7,,,,,22.1,,,,,22,,,,,19.1,,,,,18.2,,,,,19.1,,,,,20.9,,,,,22.8,,,,,24.1,,,,,24.6,,,,,25.6,,,,,27.1,,,,,28.7,,,,,30.3,,,,,32.3,,,,,34.6,,,,,36.8,,,,,38.5,,,,,39.3,,,,,39.6,,,,,40.3,,,,,41.7,,,,,43.1,,,,,44.3,,,,,44.9,,,,,45.1,,,,,45.4,,,,,46,,,,,46.6,,,,,47.1,,,,,47.4
Bahamas,20.7,,,,,20.1,,,,,19.3,,,,,18.7,,,,,19.1,,,,,19.7,,,,,20.2,,,,,21.8,,,,,23.6,,,,,25,,,,,27,,,,,28.1,,,,,29.4,,,,,30.9,,,,,32.3,,,,,33.7,,,,,35.4,,,,,37.1,,,,,38.7,,,,,40.1,,,,,41.3,,,,,42.1,,,,,42.6,,,,,43.2,,,,,43.7,,,,,44.3,,,,,44.7,,,,,45,,,,,45.2,,,,,45.4,,,,,45.6
Bahrain,18.9,,,,,19.2,,,,,19.6,,,,,16.8,,,,,17.5,,,,,19.3,,,,,22.3,,,,,25.2,,,,,25.4,,,,,26.4,,,,,26.6,,,,,27.8,,,,,30.1,,,,,31.2,,,,,32.5,,,,,33.8,,,,,34.3,,,,,35.5,,,,,36.9,,,,,38,,,,,39.9,,,,,41.8,,,,,43.5,,,,,45,,,,,45.9,,,,,46.6,,,,,47,,,,,47.2,,,,,47,,,,,46.6,,,,,46.1
Bangladesh,19.3,,,,,19.3,,,,,19,,,,,18.4,,,,,17.8,,,,,17.7,,,,,17.4,,,,,17.8,,,,,18.6,,,,,19.6,,,,,21,,,,,22.5,,,,,24,,,,,25.7,,,,,27.6,,,,,29.5,,,,,31.6,,,,,33.8,,,,,35.9,,,,,38,,,,,40,,,,,41.8,,,,,43.5,,,,,45.2,,,,,46.6,,,,,47.9,,,,,49,,,,,49.8,,,,,50.4,,,,,50.9,,,,,51.2
Barbados,24.6,,,,,24.2,,,,,22.4,,,,,20.7,,,,,21.2,,,,,23.7,,,,,24.4,,,,,26.3,,,,,28.4,,,,,31.2,,,,,33.7,,,,,35.5,,,,,37.3,,,,,39,,,,,40.5,,,,,41.9,,,,,43.1,,,,,44.2,,,,,45.3,,,,,46.3,,,,,47.3,,,,,48.1,,,,,48.5,,,,,48.6,,,,,48.8,,,,,49.1,,,,,49.4,,,,,49.8,,,,,50.1,,,,,50.2,,,,,50.2
Belarus,27.2,,,,,27.7,,,,,28.2,,,,,28.9,,,,,30.3,,,,,30.6,,,,,31.3,,,,,32,,,,,33.1,,,,,34.7,,,,,36.5,,,,,38.1,,,,,38.9,,,,,39.5,,,,,40.3,,,,,41.5,,,,,43.2,,,,,45.1,,,,,46.1,,,,,45.2,,,,,44,,,,,43.8,,,,,44.5,,,,,45,,,,,45.3,,,,,45.1,,,,,44.6,,,,,44.4,,,,,44.8,,,,,45.5,,,,,46.2
Belgium,35.5,,,,,34.6,,,,,35.1,,,,,34.9,,,,,34.6,,,,,34.3,,,,,34.3,,,,,35.3,,,,,36.5,,,,,37.6,,,,,39,,,,,40.3,,,,,40.9,,,,,41.3,,,,,41.9,,,,,42.8,,,,,43.7,,,,,44.5,,,,,45.2,,,,,45.4,,,,,45.4,,,,,45.7,,,,,46,,,,,46.3,,,,,46.5,,,,,46.6,,,,,46.7,,,,,46.8,,,,,47,,,,,47.3,,,,,47.6
Belize,20.8,,,,,18.6,,,,,17.8,,,,,16.5,,,,,16.3,,,,,16,,,,,16.4,,,,,17.2,,,,,17.9,,,,,18.4,,,,,19.2,,,,,20.3,,,,,21.9,,,,,23.7,,,,,25.5,,,,,27.4,,,,,29.2,,,,,31.1,,,,,32.9,,,,,34.6,,,,,36.2,,,,,37.8,,,,,39.3,,,,,40.8,,,,,42.1,,,,,43.4,,,,,44.4,,,,,45.3,,,,,45.9,,,,,46.5,,,,,47
Benin,24.2,,,,,22.3,,,,,20.9,,,,,20,,,,,19.1,,,,,18.3,,,,,17.7,,,,,17.3,,,,,17.1,,,,,17.2,,,,,17.3,,,,,17.6,,,,,17.9,,,,,18.2,,,,,18.8,,,,,19.4,,,,,20.1,,,,,20.9,,,,,21.7,,,,,22.5,,,,,23.3,,,,,24.2,,,,,25.1,,,,,26,,,,,26.9,,,,,27.8,,,,,28.7,,,,,29.6,,,,,30.5,,,,,31.4,,,,,32.3
Bhutan,18,,,,,18.5,,,,,18.8,,,,,18.9,,,,,18.9,,,,,18.5,,,,,18.3,,,,,18,,,,,18.1,,,,,18.4,,,,,19.5,,,,,21.4,,,,,23.3,,,,,25.7,,,,,28.1,,,,,30.6,,,,,33,,,,,35.4,,,,,37.7,,,,,40,,,,,42.1,,,,,44,,,,,45.6,,,,,47.3,,,,,48.9,,,,,50.3,,,,,51.3,,,,,52.1,,,,,52.6,,,,,53.1,,,,,53.5
Bolivia,20.6,,,,,19.8,,,,,19.3,,,,,19.3,,,,,19.3,,,,,19.4,,,,,19.5,,,,,19.7,,,,,20,,,,,20.5,,,,,21.1,,,,,21.9,,,,,22.9,,,,,24.1,,,,,25.6,,,,,27.1,,,,,28.5,,,,,30,,,,,31.5,,,,,32.9,,,,,34.3,,,,,35.6,,,,,37,,,,,38.3,,,,,39.6,,,,,40.8,,,,,41.9,,,,,43,,,,,43.9,,,,,44.8,,,,,45.6
Bosnia and Herzegovina,20,,,,,20.8,,,,,21.8,,,,,21.9,,,,,22.2,,,,,23.4,,,,,25.4,,,,,27.3,,,,,29.8,,,,,33.1,,,,,35,,,,,36.9,,,,,38.9,,,,,40.7,,,,,43.1,,,,,44.7,,,,,46.6,,,,,48.2,,,,,49.4,,,,,50.1,,,,,51.4,,,,,52.2,,,,,53,,,,,54,,,,,54.7,,,,,54.5,,,,,54.1,,,,,53.6,,,,,53.3,,,,,53.1,,,,,53
Botswana,19.2,,,,,18.8,,,,,18.3,,,,,16.9,,,,,16.1,,,,,15.9,,,,,15.7,,,,,15.9,,,,,17.2,,,,,18.3,,,,,19.7,,,,,21,,,,,22.2,,,,,23,,,,,24,,,,,25.2,,,,,26.5,,,,,27.9,,,,,29.3,,,,,30.8,,,,,32.3,,,,,33.7,,,,,34.9,,,,,35.9,,,,,37,,,,,38,,,,,39,,,,,40,,,,,40.8,,,,,41.6,,,,,42.2
Brazil,19.2,,,,,18.9,,,,,18.6,,,,,18.3,,,,,18.6,,,,,19.5,,,,,20.3,,,,,21.4,,,,,22.6,,,,,23.9,,,,,25.3,,,,,27.1,,,,,29.2,,,,,31.4,,,,,33.5,,,,,35.6,,,,,37.6,,,,,39.6,,,,,41.6,,,,,43.4,,,,,45.1,,,,,46.3,,,,,47.5,,,,,48.5,,,,,49.5,,,,,50.2,,,,,50.7,,,,,51,,,,,51.2,,,,,51.3,,,,,51.4
Brunei,22.4,,,,,21.1,,,,,19.4,,,,,17.7,,,,,18.4,,,,,19.6,,,,,20.2,,,,,21.2,,,,,23.1,,,,,24,,,,,25.5,,,,,26.8,,,,,27.5,,,,,29.9,,,,,32.3,,,,,34.7,,,,,36.8,,,,,38.9,,,,,40.9,,,,,42.5,,,,,43.9,,,,,44.9,,,,,46.3,,,,,47.3,,,,,48.1,,,,,48.6,,,,,49,,,,,49.2,,,,,49.5,,,,,49.8,,,,,50.1
Bulgaria,27.3,,,,,28.9,,,,,30.4,,,,,32,,,,,33.2,,,,,33.7,,,,,34.2,,,,,35.3,,,,,36.5,,,,,38.2,,,,,39.7,,,,,41.1,,,,,42.3,,,,,43.4,,,,,44.6,,,,,46,,,,,47.1,,,,,48.1,,,,,49,,,,,49.1,,,,,48.1,,,,,47.9,,,,,48.2,,,,,48.3,,,,,48.1,,,,,47.9,,,,,47.8,,,,,47.9,,,,,48.2,,,,,48.7,,,,,49.1
Burkina Faso,19.5,,,,,19.4,,,,,19.1,,,,,18.8,,,,,18.3,,,,,17.8,,,,,17.1,,,,,16.6,,,,,16.3,,,,,16.3,,,,,16.4,,,,,16.6,,,,,16.7,,,,,17,,,,,17.6,,,,,18.2,,,,,19,,,,,19.8,,,,,20.7,,,,,21.7,,,,,22.7,,,,,23.7,,,,,24.8,,,,,26,,,,,27.1,,,,,28.2,,,,,29.3,,,,,30.5,,,,,31.6,,,,,32.7,,,,,33.8
Burundi,19.5,,,,,18.9,,,,,18.3,,,,,17.6,,,,,17.1,,,,,17,,,,,17.4,,,,,16.9,,,,,16.1,,,,,14.9,,,,,15,,,,,16.2,,,,,17,,,,,17.1,,,,,17.3,,,,,17.8,,,,,18.7,,,,,19.7,,,,,20.7,,,,,21.8,,,,,22.7,,,,,23.7,,,,,24.6,,,,,25.7,,,,,26.7,,,,,27.8,,,,,28.9,,,,,29.9,,,,,31,,,,,32.1,,,,,33.1
Cambodia,18.7,,,,,17.9,,,,,17.2,,,,,16.7,,,,,17,,,,,17.6,,,,,19.1,,,,,18.5,,,,,17.9,,,,,17.3,,,,,18.1,,,,,20.4,,,,,22.7,,,,,23.9,,,,,25.6,,,,,27.2,,,,,28.5,,,,,29.6,,,,,31,,,,,32.5,,,,,34,,,,,35.5,,,,,36.9,,,,,38.1,,,,,39.2,,,,,40.2,,,,,41.3,,,,,42.4,,,,,43.4,,,,,44.4,,,,,45.2
Cameroon,20.4,,,,,20.4,,,,,20.3,,,,,19.7,,,,,19.1,,,,,18.4,,,,,17.7,,,,,17.1,,,,,16.7,,,,,16.8,,,,,17.2,,,,,17.6,,,,,17.9,,,,,18.2,,,,,18.7,,,,,19.4,,,,,20.3,,,,,21.2,,,,,22.2,,,,,23.1,,,,,24,,,,,25,,,,,25.9,,,,,26.9,,,,,27.8,,,,,28.7,,,,,29.6,,,,,30.5,,,,,31.4,,,,,32.3,,,,,33.2
Canada,27.7,,,,,27.3,,,,,26.5,,,,,25.5,,,,,26.1,,,,,27.5,,,,,29.2,,,,,31,,,,,32.9,,,,,34.8,,,,,36.8,,,,,38.6,,,,,39.6,,,,,40.4,,,,,41.1,,,,,42.1,,,,,43,,,,,43.9,,,,,44.8,,,,,45.4,,,,,45.5,,,,,45.7,,,,,45.9,,,,,46.2,,,,,46.4,,,,,46.6,,,,,46.6,,,,,46.6,,,,,46.6,,,,,46.6,,,,,46.8
Cape Verde,23,,,,,21.7,,,,,20.5,,,,,16.8,,,,,15.7,,,,,15.8,,,,,16,,,,,16.9,,,,,16.8,,,,,17.1,,,,,18,,,,,19.8,,,,,22.6,,,,,25.1,,,,,27.6,,,,,30.2,,,,,32.3,,,,,34.2,,,,,35.9,,,,,37.4,,,,,38.9,,,,,40.5,,,,,42,,,,,43.3,,,,,44.4,,,,,45.3,,,,,46.1,,,,,46.8,,,,,47.6,,,,,48.3,,,,,49
Central African Republic,22.5,,,,,22.3,,,,,21.7,,,,,21,,,,,20.1,,,,,19.1,,,,,18.8,,,,,18.8,,,,,18.1,,,,,18.2,,,,,18.1,,,,,18,,,,,17.7,,,,,17.1,,,,,17.6,,,,,18.6,,,,,19.6,,,,,20.6,,,,,21.6,,,,,22.8,,,,,24,,,,,25.4,,,,,26.9,,,,,28.3,,,,,29.7,,,,,30.9,,,,,32.1,,,,,33.2,,,,,34.2,,,,,35.2,,,,,36.1
Chad,21.5,,,,,20.7,,,,,19.9,,,,,19.2,,,,,18.6,,,,,18.2,,,,,17.5,,,,,16.8,,,,,16.2,,,,,15.8,,,,,15.5,,,,,15.4,,,,,15.6,,,,,16,,,,,16.6,,,,,17.2,,,,,18,,,,,18.9,,,,,19.8,,,,,20.9,,,,,22,,,,,23.1,,,,,24.2,,,,,25.4,,,,,26.5,,,,,27.6,,,,,28.7,,,,,29.7,,,,,30.8,,,,,31.8,,,,,32.7
Chile,20.6,,,,,20.7,,,,,20.6,,,,,20.4,,,,,20.6,,,,,21.6,,,,,22.9,,,,,24.3,,,,,25.7,,,,,27,,,,,28.7,,,,,30.5,,,,,32.2,,,,,33.8,,,,,35.3,,,,,37.7,,,,,39.8,,,,,41.8,,,,,43.5,,,,,45,,,,,46.1,,,,,47.2,,,,,48.3,,,,,49.4,,,,,50.1,,,,,50.7,,,,,51,,,,,51.1,,,,,51.2,,,,,51.3,,,,,51.4
China,23.9,,,,,22.2,,,,,21.3,,,,,19.8,,,,,19.3,,,,,20.3,,,,,21.9,,,,,23.5,,,,,24.9,,,,,27.4,,,,,30,,,,,32.6,,,,,35,,,,,36.7,,,,,38.4,,,,,40.2,,,,,42.6,,,,,45,,,,,46.3,,,,,47.2,,,,,47.6,,,,,47.8,,,,,48.2,,,,,48.8,,,,,49.2,,,,,49.3,,,,,49.2,,,,,49.1,,,,,49.2,,,,,49.4,,,,,49.7
Colombia,18.1,,,,,17.4,,,,,16.7,,,,,16.2,,,,,16.7,,,,,17.8,,,,,19.1,,,,,20.5,,,,,21.9,,,,,22.9,,,,,24.1,,,,,25.7,,,,,27.5,,,,,29.5,,,,,31.3,,,,,33.6,,,,,35.8,,,,,38,,,,,40.1,,,,,42.1,,,,,43.9,,,,,45.4,,,,,46.8,,,,,48,,,,,49.2,,,,,50.1,,,,,50.8,,,,,51.2,,,,,51.4,,,,,51.5,,,,,51.7
Comoros,21.2,,,,,20.6,,,,,19.6,,,,,18.5,,,,,17.7,,,,,17.5,,,,,17.5,,,,,17.2,,,,,17,,,,,17.1,,,,,17.7,,,,,18.4,,,,,19.1,,,,,19.7,,,,,20.4,,,,,21.2,,,,,22.1,,,,,23.1,,,,,24.1,,,,,25.1,,,,,26.1,,,,,27.1,,,,,28.1,,,,,29.1,,,,,30,,,,,31,,,,,32,,,,,33,,,,,33.9,,,,,34.8,,,,,35.7
"Congo, Dem. Rep.",18.1,,,,,18.1,,,,,18.2,,,,,18.2,,,,,18.1,,,,,17.8,,,,,17.7,,,,,17.5,,,,,17.4,,,,,17.2,,,,,17.1,,,,,17,,,,,16.9,,,,,16.8,,,,,17,,,,,17.5,,,,,18.2,,,,,19.1,,,,,20,,,,,21,,,,,22.1,,,,,23.3,,,,,24.5,,,,,25.7,,,,,27,,,,,28.3,,,,,29.6,,,,,30.8,,,,,32.1,,,,,33.2,,,,,34.4
"Congo, Rep.",20.1,,,,,19.7,,,,,19.2,,,,,18.5,,,,,17.8,,,,,17.3,,,,,16.9,,,,,17,,,,,17.4,,,,,18,,,,,18.6,,,,,18.9,,,,,19.2,,,,,18.9,,,,,19.2,,,,,19.8,,,,,20.7,,,,,21.6,,,,,22.3,,,,,23,,,,,23.6,,,,,24.3,,,,,25.1,,,,,26,,,,,26.9,,,,,27.7,,,,,28.6,,,,,29.4,,,,,30.2,,,,,31.1,,,,,32
Costa Rica,18.3,,,,,18.1,,,,,17.4,,,,,17.2,,,,,17.8,,,,,19.1,,,,,20.5,,,,,21.9,,,,,23,,,,,24.1,,,,,25.3,,,,,27.2,,,,,29.1,,,,,31.2,,,,,33.5,,,,,35.8,,,,,38.1,,,,,40.4,,,,,42.4,,,,,44.3,,,,,45.8,,,,,47.1,,,,,48.4,,,,,49.6,,,,,50.6,,,,,51.3,,,,,51.7,,,,,51.9,,,,,52,,,,,52.1,,,,,52.2
Cote d'Ivoire,18.3,,,,,18.8,,,,,18.9,,,,,18.6,,,,,17.8,,,,,17.8,,,,,17.5,,,,,17.5,,,,,17.5,,,,,17.8,,,,,18,,,,,17.8,,,,,17.9,,,,,18.3,,,,,18.9,,,,,19.4,,,,,19.9,,,,,20.6,,,,,21.4,,,,,22.3,,,,,23.1,,,,,23.9,,,,,24.7,,,,,25.6,,,,,26.4,,,,,27.3,,,,,28.1,,,,,28.9,,,,,29.7,,,,,30.6,,,,,31.4
Croatia,27.9,,,,,28.2,,,,,29.2,,,,,30.7,,,,,32.1,,,,,33.1,,,,,33.5,,,,,34.3,,,,,35.8,,,,,37.9,,,,,38.9,,,,,40.5,,,,,41.7,,,,,43.1,,,,,44.3,,,,,45.6,,,,,47,,,,,48.3,,,,,49.4,,,,,50.1,,,,,50.9,,,,,51.1,,,,,51.6,,,,,52.1,,,,,52.5,,,,,52.6,,,,,52.5,,,,,52.3,,,,,52.2,,,,,52.2,,,,,52.4
Cuba,22.3,,,,,22.4,,,,,22.9,,,,,22.3,,,,,22.2,,,,,22.6,,,,,24.1,,,,,25.6,,,,,27.7,,,,,30.2,,,,,32.8,,,,,35.6,,,,,38.4,,,,,40.8,,,,,42.2,,,,,43.4,,,,,44.7,,,,,46.6,,,,,48.1,,,,,49.3,,,,,50.3,,,,,50.8,,,,,51.1,,,,,51.7,,,,,52.2,,,,,52.6,,,,,52.9,,,,,53,,,,,53,,,,,53.1,,,,,53.2
Cyprus,23.7,,,,,24.4,,,,,23,,,,,23.4,,,,,26,,,,,27.4,,,,,28.3,,,,,29.1,,,,,29.9,,,,,31,,,,,31.8,,,,,32.9,,,,,33.9,,,,,34.9,,,,,37.3,,,,,39.5,,,,,41.6,,,,,43.5,,,,,45.1,,,,,46.6,,,,,47.9,,,,,49.1,,,,,50,,,,,50.8,,,,,51.3,,,,,51.4,,,,,51.1,,,,,50.8,,,,,50.6,,,,,50.5,,,,,50.3
Czech Republic,32.5,,,,,32.2,,,,,33.2,,,,,33.8,,,,,33.6,,,,,32.7,,,,,32.9,,,,,34.1,,,,,35.3,,,,,36.1,,,,,37.5,,,,,38.7,,,,,39.6,,,,,41.4,,,,,43.2,,,,,45.1,,,,,46.3,,,,,47.3,,,,,47.9,,,,,47.7,,,,,46.9,,,,,46.8,,,,,46.9,,,,,47,,,,,46.8,,,,,46.5,,,,,46.1,,,,,46,,,,,46.2,,,,,46.6,,,,,47
Denmark,31.7,,,,,32.4,,,,,33,,,,,32.8,,,,,32.5,,,,,33,,,,,34.3,,,,,36,,,,,37.1,,,,,37.7,,,,,38.4,,,,,39.6,,,,,40.6,,,,,41.6,,,,,42.3,,,,,42.4,,,,,42.3,,,,,42.7,,,,,43.4,,,,,43.9,,,,,44.2,,,,,44.5,,,,,44.3,,,,,44.3,,,,,44.6,,,,,45.1,,,,,45.5,,,,,45.8,,,,,45.9,,,,,45.9,,,,,46.1
Djibouti,16.5,,,,,17.5,,,,,18,,,,,18,,,,,17.4,,,,,16.6,,,,,16.5,,,,,17.2,,,,,17.4,,,,,18.1,,,,,19.3,,,,,20.1,,,,,23.4,,,,,25,,,,,26.6,,,,,28.2,,,,,29.8,,,,,31.4,,,,,32.9,,,,,34.2,,,,,35.7,,,,,37,,,,,38.3,,,,,39.4,,,,,40.3,,,,,41.1,,,,,41.7,,,,,42.3,,,,,43,,,,,43.7,,,,,44.3
Dominican Republic,17.1,,,,,16.8,,,,,16,,,,,15.5,,,,,16,,,,,17,,,,,18.1,,,,,19.2,,,,,20.3,,,,,21.4,,,,,22.5,,,,,23.7,,,,,25,,,,,26.5,,,,,28,,,,,29.6,,,,,31.3,,,,,32.9,,,,,34.4,,,,,35.9,,,,,37.5,,,,,39.1,,,,,40.7,,,,,42.2,,,,,43.6,,,,,44.9,,,,,46.1,,,,,47.2,,,,,48.2,,,,,49.1,,,,,49.9
Ecuador,20.4,,,,,19.3,,,,,18.4,,,,,17.8,,,,,17.6,,,,,18,,,,,18.7,,,,,19.5,,,,,20.5,,,,,21.6,,,,,22.6,,,,,23.7,,,,,25,,,,,26.5,,,,,27.9,,,,,29.4,,,,,31.1,,,,,32.6,,,,,34.1,,,,,35.5,,,,,37,,,,,38.5,,,,,40,,,,,41.4,,,,,42.7,,,,,43.9,,,,,45,,,,,46,,,,,46.9,,,,,47.7,,,,,48.5
Egypt,20.5,,,,,20.7,,,,,19.9,,,,,19,,,,,19.1,,,,,19.2,,,,,19.4,,,,,19.5,,,,,19.7,,,,,20.2,,,,,21.1,,,,,22.5,,,,,23.7,,,,,24.3,,,,,24.6,,,,,25.1,,,,,25.6,,,,,26.2,,,,,27.3,,,,,28.5,,,,,29.7,,,,,30.8,,,,,31.7,,,,,32.6,,,,,33.6,,,,,34.8,,,,,36,,,,,37.2,,,,,38.3,,,,,39.4,,,,,40.4
El Salvador,18.5,,,,,18.1,,,,,17.6,,,,,17.1,,,,,17.1,,,,,17.4,,,,,17.9,,,,,18.6,,,,,19.6,,,,,20.9,,,,,22,,,,,23,,,,,24.2,,,,,25.7,,,,,27.6,,,,,29.5,,,,,31.7,,,,,33.8,,,,,35.7,,,,,37.5,,,,,39.3,,,,,41.1,,,,,43,,,,,44.9,,,,,46.7,,,,,48.4,,,,,49.9,,,,,51.1,,,,,52.1,,,,,53.1,,,,,54
Equatorial Guinea,23.8,,,,,23.1,,,,,22.4,,,,,21.7,,,,,20.9,,,,,21,,,,,20.7,,,,,19.6,,,,,19.1,,,,,18.9,,,,,19.6,,,,,20.6,,,,,21.5,,,,,22.1,,,,,22.3,,,,,22.3,,,,,22.7,,,,,23.4,,,,,24.2,,,,,25.1,,,,,26.2,,,,,27.2,,,,,28.2,,,,,29.2,,,,,30.1,,,,,31,,,,,31.9,,,,,32.8,,,,,33.7,,,,,34.6,,,,,35.4
Eritrea,17.3,,,,,17.8,,,,,18,,,,,18.2,,,,,18.1,,,,,17.9,,,,,17.8,,,,,17.7,,,,,17.4,,,,,15.6,,,,,16.6,,,,,19.1,,,,,19.8,,,,,19.2,,,,,19.2,,,,,19.9,,,,,21.5,,,,,22.8,,,,,23.9,,,,,24.9,,,,,26,,,,,27.2,,,,,28.4,,,,,29.6,,,,,31,,,,,32.3,,,,,33.6,,,,,34.8,,,,,36,,,,,37.2,,,,,38.3
Estonia,29.9,,,,,30.2,,,,,32.2,,,,,33,,,,,33.8,,,,,34.3,,,,,33.9,,,,,34,,,,,34.4,,,,,36.4,,,,,38,,,,,39.4,,,,,40.2,,,,,41.6,,,,,42.4,,,,,43.6,,,,,45,,,,,46.8,,,,,48.3,,,,,49.1,,,,,48.2,,,,,48,,,,,48.6,,,,,49.2,,,,,49.6,,,,,49.8,,,,,49.5,,,,,49.1,,,,,49.1,,,,,49.6,,,,,50.3
Eswatini,18.4,,,,,17.8,,,,,17.1,,,,,16.4,,,,,16.3,,,,,15.6,,,,,15,,,,,14.7,,,,,15.6,,,,,16.6,,,,,17.7,,,,,18.5,,,,,19,,,,,19.7,,,,,20.7,,,,,22.1,,,,,23.5,,,,,24.9,,,,,26.3,,,,,27.8,,,,,29.1,,,,,30.4,,,,,31.5,,,,,32.6,,,,,33.7,,,,,34.8,,,,,35.9,,,,,36.9,,,,,37.7,,,,,38.3,,,,,38.9
Ethiopia,17.9,,,,,18,,,,,18.1,,,,,18.1,,,,,18,,,,,17.6,,,,,17.6,,,,,17,,,,,16.8,,,,,16.7,,,,,16.6,,,,,16.7,,,,,17.3,,,,,18.3,,,,,19.5,,,,,20.6,,,,,21.8,,,,,23,,,,,24.3,,,,,25.8,,,,,27.3,,,,,28.8,,,,,30.3,,,,,31.8,,,,,33.2,,,,,34.7,,,,,36,,,,,37.4,,,,,38.7,,,,,39.9,,,,,41.1
Fiji,16.6,,,,,16,,,,,15.8,,,,,16.4,,,,,17.7,,,,,18.9,,,,,19.5,,,,,20.3,,,,,20.9,,,,,21.6,,,,,22.1,,,,,25.3,,,,,26.5,,,,,27,,,,,27.9,,,,,28.7,,,,,29.3,,,,,29.8,,,,,30.6,,,,,31.6,,,,,32.7,,,,,33.7,,,,,34.6,,,,,35.5,,,,,36.4,,,,,37.4,,,,,38.3,,,,,39.3,,,,,40.2,,,,,41.1,,,,,41.8
Finland,27.8,,,,,28,,,,,28.4,,,,,28.7,,,,,29.6,,,,,30.8,,,,,32.8,,,,,34.7,,,,,36.4,,,,,37.8,,,,,39.4,,,,,40.9,,,,,42,,,,,42.5,,,,,43.1,,,,,44.1,,,,,45.1,,,,,45.9,,,,,46.6,,,,,47,,,,,47.3,,,,,47.9,,,,,48.6,,,,,49.3,,,,,49.5,,,,,49.4,,,,,49.3,,,,,49.2,,,,,49.3,,,,,49.5,,,,,49.6
France,34.5,,,,,32.9,,,,,33,,,,,32.7,,,,,32.4,,,,,31.6,,,,,32.4,,,,,33.6,,,,,34.8,,,,,36.2,,,,,37.7,,,,,38.9,,,,,40.1,,,,,41.2,,,,,42.3,,,,,43.2,,,,,44.1,,,,,44.9,,,,,45.3,,,,,45.5,,,,,45.9,,,,,46.4,,,,,46.9,,,,,47.2,,,,,47.5,,,,,47.7,,,,,48,,,,,48.3,,,,,48.8,,,,,49.2,,,,,49.5
Gabon,28.1,,,,,27.9,,,,,27.3,,,,,26.4,,,,,25.4,,,,,23.4,,,,,21.4,,,,,19.9,,,,,19.3,,,,,19,,,,,19.3,,,,,20,,,,,21.2,,,,,22.3,,,,,22.5,,,,,22.6,,,,,23,,,,,23.9,,,,,25.1,,,,,26.4,,,,,27.5,,,,,28.4,,,,,29.2,,,,,30,,,,,30.8,,,,,31.8,,,,,32.8,,,,,33.9,,,,,34.9,,,,,35.9,,,,,36.8
Gambia,17.9,,,,,18,,,,,18.5,,,,,19,,,,,19,,,,,18.7,,,,,18.4,,,,,18.1,,,,,18.2,,,,,17.1,,,,,16.5,,,,,16.7,,,,,17.1,,,,,17.5,,,,,17.8,,,,,18.3,,,,,19,,,,,19.9,,,,,21.1,,,,,22.3,,,,,23.5,,,,,24.7,,,,,26.1,,,,,27.4,,,,,28.7,,,,,29.9,,,,,31.2,,,,,32.4,,,,,33.6,,,,,34.7,,,,,35.8
Georgia,27.3,,,,,27.4,,,,,27.8,,,,,28,,,,,28.2,,,,,28.5,,,,,29.1,,,,,29.8,,,,,31,,,,,32.8,,,,,34.7,,,,,35.9,,,,,37,,,,,37.7,,,,,38.3,,,,,39.2,,,,,40.4,,,,,41.3,,,,,41.5,,,,,40.8,,,,,40.9,,,,,41.8,,,,,42.8,,,,,43.7,,,,,44.2,,,,,44.4,,,,,44.7,,,,,45.3,,,,,46.2,,,,,47.2,,,,,48.1
Germany,35.2,,,,,34.5,,,,,34.7,,,,,34.3,,,,,34.2,,,,,35.4,,,,,36.5,,,,,37.2,,,,,37.6,,,,,38.4,,,,,40.1,,,,,42.1,,,,,44.3,,,,,45.9,,,,,45.7,,,,,46.2,,,,,47,,,,,47.8,,,,,48.6,,,,,49,,,,,49.2,,,,,48.9,,,,,48.4,,,,,48.2,,,,,48.3,,,,,48.5,,,,,48.5,,,,,48.4,,,,,48.3,,,,,48.4,,,,,48.5
Ghana,17.1,,,,,17.6,,,,,17.8,,,,,17.7,,,,,16.8,,,,,16.5,,,,,16.4,,,,,17.1,,,,,17.6,,,,,18.1,,,,,18.5,,,,,19.2,,,,,20,,,,,20.7,,,,,21.5,,,,,22.3,,,,,23.1,,,,,24,,,,,25,,,,,26,,,,,26.9,,,,,27.8,,,,,28.7,,,,,29.6,,,,,30.6,,,,,31.5,,,,,32.5,,,,,33.4,,,,,34.4,,,,,35.3,,,,,36.3
Greece,25.5,,,,,26.9,,,,,28.3,,,,,29.9,,,,,32.3,,,,,32.4,,,,,33,,,,,33.9,,,,,35.1,,,,,36.5,,,,,38,,,,,39.4,,,,,41.1,,,,,43.4,,,,,45.5,,,,,47.7,,,,,49.7,,,,,51.5,,,,,52.7,,,,,53.2,,,,,53.4,,,,,53.7,,,,,54.1,,,,,54.7,,,,,54.8,,,,,54.3,,,,,53.5,,,,,52.8,,,,,52.6,,,,,52.6,,,,,52.6
Grenada,16.3,,,,,17.1,,,,,15.6,,,,,15.2,,,,,15.4,,,,,17.8,,,,,18.8,,,,,20,,,,,20.4,,,,,22.1,,,,,23.9,,,,,26,,,,,29.2,,,,,30.6,,,,,32,,,,,33.6,,,,,35.3,,,,,36.8,,,,,37.8,,,,,38.5,,,,,39.6,,,,,41,,,,,42.5,,,,,43.8,,,,,44.9,,,,,45.5,,,,,45.9,,,,,46.5,,,,,47.2,,,,,48,,,,,48.8
Guatemala,18.4,,,,,17.8,,,,,17.2,,,,,16.8,,,,,16.9,,,,,17,,,,,16.8,,,,,16.6,,,,,16.9,,,,,17.2,,,,,17.7,,,,,18.5,,,,,19.7,,,,,21.3,,,,,22.9,,,,,24.5,,,,,26.3,,,,,28,,,,,29.6,,,,,31.3,,,,,33,,,,,34.7,,,,,36.5,,,,,38.1,,,,,39.7,,,,,41.2,,,,,42.5,,,,,43.7,,,,,44.8,,,,,45.8,,,,,46.7
Guinea,21.9,,,,,20.8,,,,,20.1,,,,,19.6,,,,,19.2,,,,,19,,,,,18.3,,,,,17.8,,,,,17.5,,,,,17,,,,,16.7,,,,,16.4,,,,,16.7,,,,,17.1,,,,,18,,,,,18.9,,,,,19.8,,,,,20.7,,,,,21.8,,,,,22.9,,,,,24,,,,,25.1,,,,,26.3,,,,,27.4,,,,,28.4,,,,,29.5,,,,,30.5,,,,,31.5,,,,,32.5,,,,,33.4,,,,,34.4
Guinea-Bissau,21.8,,,,,21.1,,,,,20.4,,,,,20.1,,,,,19.7,,,,,19.7,,,,,18.3,,,,,17.3,,,,,16.8,,,,,16.8,,,,,17,,,,,17.6,,,,,18.1,,,,,18.4,,,,,18.8,,,,,19.4,,,,,20.3,,,,,21.4,,,,,22.6,,,,,23.6,,,,,24.6,,,,,25.7,,,,,26.7,,,,,27.7,,,,,28.7,,,,,29.7,,,,,30.8,,,,,31.7,,,,,32.7,,,,,33.6,,,,,34.5
Guyana,20.4,,,,,18.6,,,,,16.9,,,,,16.1,,,,,16.3,,,,,17.3,,,,,18.2,,,,,19.2,,,,,21.1,,,,,21.7,,,,,22.7,,,,,23.1,,,,,24.5,,,,,25,,,,,26.7,,,,,28.4,,,,,30.2,,,,,31.7,,,,,33.1,,,,,34.3,,,,,35.7,,,,,37.1,,,,,38.6,,,,,40.1,,,,,41.6,,,,,43.1,,,,,44.5,,,,,45.8,,,,,47.1,,,,,48.5,,,,,50
Haiti,20.2,,,,,20,,,,,19.8,,,,,19.5,,,,,19.1,,,,,19.3,,,,,19.3,,,,,18.8,,,,,18.5,,,,,18.5,,,,,19.1,,,,,20.3,,,,,21.5,,,,,22.7,,,,,24,,,,,25.4,,,,,26.8,,,,,28.3,,,,,29.7,,,,,31.2,,,,,32.7,,,,,34.1,,,,,35.4,,,,,36.6,,,,,37.7,,,,,38.8,,,,,39.8,,,,,40.7,,,,,41.6,,,,,42.5,,,,,43.2
Honduras,18.8,,,,,17.9,,,,,17,,,,,16.3,,,,,16.1,,,,,16.1,,,,,16.2,,,,,16.4,,,,,16.9,,,,,17.5,,,,,18.2,,,,,19.3,,,,,20.7,,,,,22.5,,,,,24.3,,,,,26.4,,,,,28.4,,,,,30.4,,,,,32.4,,,,,34.2,,,,,36,,,,,37.7,,,,,39.4,,,,,41.1,,,,,42.6,,,,,44,,,,,45.3,,,,,46.3,,,,,47.2,,,,,47.9,,,,,48.5
Hungary,30.1,,,,,30.8,,,,,32.2,,,,,33.5,,,,,34.2,,,,,34.4,,,,,34.4,,,,,35,,,,,36.4,,,,,37.5,,,,,38.5,,,,,39.1,,,,,40.1,,,,,41.7,,,,,43.3,,,,,45.1,,,,,45.9,,,,,46.7,,,,,47.4,,,,,48,,,,,48,,,,,48,,,,,48,,,,,47.8,,,,,47.7,,,,,47.6,,,,,47.6,,,,,47.5,,,,,47.5,,,,,47.6,,,,,47.7
Iceland,26.5,,,,,26.2,,,,,25.4,,,,,24.2,,,,,24.5,,,,,25.4,,,,,26.9,,,,,28.4,,,,,30,,,,,31.5,,,,,32.9,,,,,34.3,,,,,34.8,,,,,36,,,,,37.5,,,,,39,,,,,40.5,,,,,42.1,,,,,43.5,,,,,44.4,,,,,45.1,,,,,46.2,,,,,47.3,,,,,48.1,,,,,48.7,,,,,49.1,,,,,49.5,,,,,49.7,,,,,50,,,,,50.3,,,,,50.6
India,21.3,,,,,20.7,,,,,20.2,,,,,19.6,,,,,19.3,,,,,19.7,,,,,20.2,,,,,20.6,,,,,21.1,,,,,21.8,,,,,22.7,,,,,23.8,,,,,25.1,,,,,26.8,,,,,28.4,,,,,30,,,,,31.7,,,,,33.3,,,,,35,,,,,36.6,,,,,38.1,,,,,39.3,,,,,40.4,,,,,41.5,,,,,42.5,,,,,43.5,,,,,44.4,,,,,45.1,,,,,45.7,,,,,46.2,,,,,46.7
Indonesia,20,,,,,20.4,,,,,20.2,,,,,19.4,,,,,18.6,,,,,18.5,,,,,19.1,,,,,19.9,,,,,21.3,,,,,22.8,,,,,24.4,,,,,25.6,,,,,27.2,,,,,28.5,,,,,29.7,,,,,31,,,,,32.4,,,,,33.8,,,,,35.1,,,,,36.2,,,,,37.4,,,,,38.6,,,,,39.7,,,,,40.6,,,,,41.5,,,,,42.4,,,,,43.3,,,,,44.1,,,,,44.9,,,,,45.6,,,,,46.2
Iran,21.9,,,,,20.9,,,,,19.6,,,,,18,,,,,17.7,,,,,18.1,,,,,18,,,,,17.2,,,,,17.2,,,,,18.6,,,,,21.2,,,,,24.1,,,,,27,,,,,29.7,,,,,32,,,,,34.2,,,,,36.2,,,,,37.6,,,,,38.6,,,,,39.4,,,,,40.2,,,,,41.3,,,,,42.6,,,,,43.8,,,,,44.6,,,,,45,,,,,45.1,,,,,45.3,,,,,45.8,,,,,46.6,,,,,47.4
Iraq,22,,,,,20.3,,,,,19.6,,,,,18.6,,,,,17.5,,,,,17,,,,,16.6,,,,,16.7,,,,,16.8,,,,,17.5,,,,,18.2,,,,,18.7,,,,,18.8,,,,,20,,,,,21,,,,,22.1,,,,,23.1,,,,,24.2,,,,,25.4,,,,,26.5,,,,,27.5,,,,,28.6,,,,,29.7,,,,,30.8,,,,,31.9,,,,,32.9,,,,,34,,,,,35.1,,,,,36.2,,,,,37.3,,,,,38.3
Ireland,30,,,,,30.2,,,,,29.2,,,,,27.5,,,,,26.4,,,,,26.1,,,,,26.3,,,,,26.9,,,,,28.4,,,,,30.1,,,,,31.8,,,,,33.2,,,,,34.4,,,,,36.5,,,,,38.2,,,,,40.2,,,,,41.5,,,,,42.3,,,,,42.8,,,,,43.4,,,,,44.2,,,,,45.5,,,,,46.7,,,,,47.5,,,,,47.9,,,,,48,,,,,48,,,,,48.4,,,,,48.9,,,,,49.6,,,,,50.1
Israel,25.5,,,,,24.6,,,,,24.1,,,,,23.4,,,,,23.5,,,,,24.1,,,,,25,,,,,25.4,,,,,25.9,,,,,27.3,,,,,28,,,,,28.7,,,,,30.1,,,,,30.2,,,,,30.5,,,,,30.8,,,,,31.3,,,,,31.8,,,,,32.5,,,,,33.2,,,,,34.2,,,,,35.1,,,,,36,,,,,36.8,,,,,37.7,,,,,38.5,,,,,39.5,,,,,40.6,,,,,41.7,,,,,42.7,,,,,43.7
Italy,28.6,,,,,30.2,,,,,31.4,,,,,32.1,,,,,32.8,,,,,33.3,,,,,34.1,,,,,35.5,,,,,37,,,,,38.7,,,,,40.3,,,,,41.9,,,,,43.5,,,,,45.4,,,,,47.3,,,,,49.2,,,,,50.8,,,,,51.9,,,,,52.6,,,,,53.2,,,,,53.6,,,,,53.8,,,,,54.1,,,,,54.3,,,,,54.4,,,,,54.1,,,,,53.6,,,,,53.3,,,,,53.2,,,,,53.3,,,,,53.4
Jamaica,22.2,,,,,22,,,,,19.8,,,,,18.6,,,,,17.2,,,,,17.4,,,,,19.5,,,,,20.6,,,,,22.2,,,,,23.5,,,,,24.9,,,,,26.2,,,,,27.5,,,,,29,,,,,30.7,,,,,32.7,,,,,34.7,,,,,36.8,,,,,38.7,,,,,40.3,,,,,41.5,,,,,42.8,,,,,44.2,,,,,45.6,,,,,46.9,,,,,48.1,,,,,49.1,,,,,49.9,,,,,50.7,,,,,51.5,,,,,52.5
Japan,22.3,,,,,23.6,,,,,25.4,,,,,27.2,,,,,28.8,,,,,30.3,,,,,32.5,,,,,35,,,,,37.3,,,,,39.4,,,,,41.2,,,,,43,,,,,44.7,,,,,46.4,,,,,48.4,,,,,50.5,,,,,52.1,,,,,53.3,,,,,54.1,,,,,54.6,,,,,54.7,,,,,54.9,,,,,55.1,,,,,55.1,,,,,55.1,,,,,54.7,,,,,54.1,,,,,53.8,,,,,53.6,,,,,53.7,,,,,53.8
Jordan,17.2,,,,,17.6,,,,,18,,,,,17.4,,,,,17.1,,,,,16.4,,,,,15.5,,,,,16.3,,,,,16.8,,,,,19.1,,,,,19.6,,,,,20.6,,,,,21.3,,,,,22.1,,,,,23.8,,,,,25.6,,,,,27.5,,,,,29.3,,,,,31.2,,,,,33.1,,,,,34.9,,,,,36.3,,,,,37.7,,,,,39.1,,,,,40.5,,,,,41.8,,,,,43.2,,,,,44.4,,,,,45.5,,,,,46.3,,,,,46.9
Kazakhstan,23.2,,,,,23.3,,,,,22.9,,,,,22.4,,,,,21.8,,,,,22.3,,,,,23.5,,,,,24.6,,,,,26,,,,,27.1,,,,,27.8,,,,,28.6,,,,,28.9,,,,,29.4,,,,,30.7,,,,,31.8,,,,,32,,,,,31.4,,,,,31.8,,,,,32.9,,,,,34.2,,,,,35.5,,,,,36.4,,,,,37.1,,,,,37.7,,,,,38.4,,,,,39.4,,,,,40.5,,,,,41.7,,,,,42.7,,,,,43.6
Kenya,20,,,,,18.9,,,,,17.1,,,,,15.8,,,,,15.4,,,,,15.1,,,,,15,,,,,15,,,,,15.4,,,,,16.4,,,,,17,,,,,17.6,,,,,18.1,,,,,18.9,,,,,20.1,,,,,21.5,,,,,23,,,,,24.3,,,,,25.7,,,,,26.9,,,,,28.1,,,,,29.3,,,,,30.6,,,,,32,,,,,33.3,,,,,34.6,,,,,35.8,,,,,37,,,,,38.1,,,,,39.3,,,,,40.3
Kiribati,19.2,,,,,18.7,,,,,17.7,,,,,16.9,,,,,17.3,,,,,18.6,,,,,19.4,,,,,19.5,,,,,20.4,,,,,19.6,,,,,19.7,,,,,20.7,,,,,21.6,,,,,22.3,,,,,23,,,,,23.7,,,,,24.1,,,,,25.4,,,,,26.6,,,,,27.6,,,,,28.6,,,,,29.5,,,,,30.4,,,,,31.2,,,,,32.1,,,,,33.1,,,,,34,,,,,35.1,,,,,36.2,,,,,37.3,,,,,38.3
Kuwait,21.4,,,,,22.7,,,,,23.4,,,,,21.3,,,,,18.9,,,,,17.8,,,,,20.5,,,,,22.3,,,,,23.5,,,,,26.6,,,,,27.8,,,,,28.2,,,,,29.5,,,,,33.5,,,,,36.8,,,,,37.4,,,,,36.9,,,,,37,,,,,37.4,,,,,37.9,,,,,38.6,,,,,39.1,,,,,39.2,,,,,38.8,,,,,38.7,,,,,39,,,,,39.6,,,,,40.2,,,,,40.6,,,,,40.8,,,,,40.8
Kyrgyz Republic,25.3,,,,,25.3,,,,,24,,,,,21.6,,,,,19.4,,,,,19.6,,,,,20.9,,,,,21.7,,,,,21.8,,,,,21.6,,,,,22.5,,,,,23.8,,,,,24,,,,,25.1,,,,,26,,,,,26.8,,,,,27.3,,,,,27.8,,,,,28.8,,,,,30.2,,,,,31.5,,,,,32.6,,,,,33.6,,,,,34.4,,,,,35.3,,,,,36.3,,,,,37.5,,,,,38.7,,,,,39.8,,,,,40.9,,,,,41.8
Lao,19.8,,,,,19.4,,,,,19,,,,,18.8,,,,,18.7,,,,,18.6,,,,,17.7,,,,,17.6,,,,,17.6,,,,,17.6,,,,,18,,,,,19.1,,,,,20.7,,,,,22.8,,,,,24.4,,,,,26,,,,,27.6,,,,,29.2,,,,,31,,,,,32.8,,,,,34.5,,,,,36.3,,,,,38,,,,,39.6,,,,,41.1,,,,,42.3,,,,,43.5,,,,,44.6,,,,,45.6,,,,,46.5,,,,,47.4
Latvia,29.9,,,,,30.5,,,,,32.3,,,,,33.2,,,,,34.2,,,,,34.9,,,,,35.1,,,,,34.7,,,,,34.7,,,,,36.2,,,,,37.9,,,,,39.5,,,,,40.8,,,,,42.6,,,,,43.9,,,,,45.1,,,,,46.1,,,,,47.5,,,,,48.6,,,,,48.3,,,,,45.8,,,,,45.4,,,,,45.3,,,,,46.4,,,,,47,,,,,46.9,,,,,46.3,,,,,45.9,,,,,46.2,,,,,46.9,,,,,47.7
Lebanon,23.2,,,,,22,,,,,20.4,,,,,18.7,,,,,18.7,,,,,19.5,,,,,19.9,,,,,20,,,,,20.7,,,,,23.2,,,,,25.1,,,,,25.6,,,,,27.8,,,,,27.6,,,,,29.6,,,,,32.7,,,,,35.4,,,,,37.6,,,,,39.6,,,,,41.2,,,,,42.6,,,,,43.6,,,,,44.7,,,,,45.6,,,,,46.7,,,,,47.7,,,,,48.6,,,,,49.2,,,,,49.5,,,,,49.8,,,,,50.2
Lesotho,19.1,,,,,18.3,,,,,17.6,,,,,17.3,,,,,17.1,,,,,16.9,,,,,16.9,,,,,16.9,,,,,17.1,,,,,18.2,,,,,19,,,,,20.3,,,,,21.7,,,,,23,,,,,24,,,,,25,,,,,25.9,,,,,26.8,,,,,27.7,,,,,28.7,,,,,29.8,,,,,31,,,,,32.1,,,,,33.2,,,,,34.3,,,,,35.4,,,,,36.5,,,,,37.6,,,,,38.6,,,,,39.7,,,,,40.7
Liberia,19.1,,,,,19.3,,,,,19.3,,,,,19.1,,,,,18.3,,,,,17.9,,,,,17.5,,,,,17.3,,,,,17.4,,,,,18,,,,,18.4,,,,,18.4,,,,,18.5,,,,,18.8,,,,,19.4,,,,,20.3,,,,,21.2,,,,,22.2,,,,,23,,,,,23.9,,,,,24.9,,,,,25.9,,,,,27,,,,,28,,,,,29.1,,,,,30.1,,,,,31.2,,,,,32.2,,,,,33.2,,,,,34.3,,,,,35.3
Libya,21,,,,,19.8,,,,,19.3,,,,,18.5,,,,,17,,,,,16.1,,,,,16.1,,,,,17.4,,,,,18.5,,,,,20.2,,,,,22.1,,,,,24,,,,,25.7,,,,,27.1,,,,,28.8,,,,,30.5,,,,,32.1,,,,,33.7,,,,,35.1,,,,,36.7,,,,,38.3,,,,,39.7,,,,,41,,,,,42,,,,,42.7,,,,,43.3,,,,,43.8,,,,,44.5,,,,,45.2,,,,,45.9,,,,,46.5
Lithuania,27.8,,,,,28,,,,,28.5,,,,,29.7,,,,,30.8,,,,,31.5,,,,,32,,,,,32.1,,,,,32.7,,,,,34,,,,,35.9,,,,,38.5,,,,,40.6,,,,,42.7,,,,,45.1,,,,,46.2,,,,,46.7,,,,,47.6,,,,,48.8,,,,,49.5,,,,,48.1,,,,,46.3,,,,,46.5,,,,,47.2,,,,,47.9,,,,,48.2,,,,,47.9,,,,,47.2,,,,,47,,,,,47.6,,,,,48.5
Luxembourg,35,,,,,35.7,,,,,35.2,,,,,35.3,,,,,35.4,,,,,35,,,,,35,,,,,35.8,,,,,36.4,,,,,36.7,,,,,37.3,,,,,38.5,,,,,38.9,,,,,39.3,,,,,39.7,,,,,40.7,,,,,41.9,,,,,43.1,,,,,44,,,,,44.7,,,,,45,,,,,45,,,,,45,,,,,45.1,,,,,45.2,,,,,45.3,,,,,45.2,,,,,45.2,,,,,45.2,,,,,45.3,,,,,45.5
Madagascar,20.9,,,,,20.2,,,,,19.2,,,,,17.9,,,,,17.2,,,,,17,,,,,16.8,,,,,16.9,,,,,17.1,,,,,17.2,,,,,17.3,,,,,17.5,,,,,18,,,,,18.7,,,,,19.6,,,,,20.4,,,,,21.2,,,,,22,,,,,22.9,,,,,23.8,,,,,24.8,,,,,25.9,,,,,26.9,,,,,27.9,,,,,29,,,,,30,,,,,31.1,,,,,32.2,,,,,33.3,,,,,34.4,,,,,35.5
Malawi,17.1,,,,,17.7,,,,,18,,,,,18.1,,,,,17.9,,,,,17.4,,,,,17.1,,,,,16.8,,,,,17.5,,,,,17.4,,,,,16.9,,,,,16.6,,,,,16.6,,,,,17.2,,,,,18.1,,,,,19.1,,,,,20.1,,,,,21.2,,,,,22.2,,,,,23.3,,,,,24.4,,,,,25.6,,,,,26.9,,,,,28.2,,,,,29.4,,,,,30.7,,,,,32,,,,,33.3,,,,,34.6,,,,,35.9,,,,,37.2
Malaysia,19.8,,,,,18.5,,,,,17.6,,,,,16.9,,,,,17.6,,,,,18.6,,,,,19.5,,,,,20.5,,,,,21.6,,,,,22.5,,,,,23.8,,,,,25,,,,,26,,,,,28.2,,,,,30.3,,,,,32.2,,,,,34.1,,,,,36,,,,,37.8,,,,,39.3,,,,,40.5,,,,,41.6,,,,,42.8,,,,,43.9,,,,,45,,,,,45.9,,,,,46.6,,,,,47,,,,,47.3,,,,,47.6,,,,,47.9
Maldives,18.6,,,,,19.8,,,,,20.3,,,,,19.8,,,,,17.3,,,,,17.1,,,,,17.1,,,,,16.8,,,,,16.2,,,,,16.7,,,,,18.7,,,,,22.2,,,,,24.9,,,,,28.6,,,,,29.9,,,,,33.8,,,,,37.1,,,,,40.2,,,,,42.6,,,,,44.5,,,,,45.7,,,,,47.3,,,,,48.9,,,,,50.5,,,,,51.6,,,,,52.1,,,,,51.8,,,,,51.2,,,,,51,,,,,51.3,,,,,51.8
Mali,20.9,,,,,20.1,,,,,19.5,,,,,19.3,,,,,18.8,,,,,18.5,,,,,17.9,,,,,17.4,,,,,16.5,,,,,16.5,,,,,16.6,,,,,16.5,,,,,16.2,,,,,16,,,,,16.3,,,,,17,,,,,17.8,,,,,18.6,,,,,19.4,,,,,20.4,,,,,21.5,,,,,22.7,,,,,23.9,,,,,25.1,,,,,26.4,,,,,27.7,,,,,28.9,,,,,30.1,,,,,31.3,,,,,32.4,,,,,33.5
Malta,23.7,,,,,21.9,,,,,23,,,,,24.3,,,,,26.9,,,,,29.1,,,,,31,,,,,31.6,,,,,33.1,,,,,35,,,,,36.5,,,,,38.4,,,,,40.2,,,,,41.1,,,,,42.6,,,,,44.1,,,,,45.8,,,,,47.4,,,,,49,,,,,50.3,,,,,51,,,,,51,,,,,50.9,,,,,50.9,,,,,51.1,,,,,51.2,,,,,51.2,,,,,50.9,,,,,50.5,,,,,50.2,,,,,50.3
Mauritania,17.9,,,,,18,,,,,17.8,,,,,17.4,,,,,17,,,,,16.9,,,,,17.1,,,,,17.3,,,,,17.4,,,,,17.6,,,,,17.9,,,,,18.5,,,,,19.1,,,,,19.6,,,,,20.1,,,,,20.7,,,,,21.4,,,,,22.3,,,,,23.1,,,,,23.9,,,,,24.7,,,,,25.5,,,,,26.3,,,,,27.1,,,,,27.9,,,,,28.6,,,,,29.4,,,,,30.2,,,,,31,,,,,31.8,,,,,32.6
Mauritius,17.3,,,,,16.9,,,,,16.7,,,,,16.7,,,,,17.8,,,,,19.5,,,,,21.5,,,,,23.1,,,,,24.9,,,,,26.8,,,,,29,,,,,30.5,,,,,32.9,,,,,35.6,,,,,37.5,,,,,39.2,,,,,40.8,,,,,42.6,,,,,44.5,,,,,46.1,,,,,47.7,,,,,49.1,,,,,50.2,,,,,50.6,,,,,50.8,,,,,51,,,,,51.1,,,,,51.2,,,,,51.1,,,,,50.8,,,,,50.5
Mexico,18.6,,,,,17.8,,,,,17.2,,,,,16.8,,,,,16.7,,,,,16.9,,,,,17.4,,,,,18.5,,,,,19.7,,,,,21.3,,,,,22.9,,,,,24.7,,,,,26.2,,,,,27.7,,,,,29.2,,,,,30.9,,,,,32.6,,,,,34.3,,,,,36.1,,,,,37.7,,,,,39.3,,,,,40.9,,,,,42.3,,,,,43.6,,,,,44.8,,,,,45.9,,,,,46.8,,,,,47.6,,,,,48.2,,,,,48.7,,,,,49.2
"Micronesia, Fed. Sts.",19.8,,,,,18.4,,,,,17.4,,,,,16.6,,,,,16.7,,,,,16.1,,,,,16.2,,,,,16.9,,,,,17.6,,,,,17.7,,,,,18.9,,,,,19.5,,,,,21.5,,,,,22.8,,,,,24.4,,,,,25.8,,,,,26.9,,,,,28,,,,,29.1,,,,,30.2,,,,,31.5,,,,,32.8,,,,,34.1,,,,,35.4,,,,,36.7,,,,,37.8,,,,,38.8,,,,,39.7,,,,,40.6,,,,,41.7,,,,,42.9
Moldova,26.6,,,,,26.6,,,,,26.1,,,,,26.2,,,,,26.3,,,,,26.2,,,,,27.7,,,,,28.6,,,,,29.9,,,,,30.8,,,,,31.3,,,,,32.4,,,,,34.2,,,,,35.6,,,,,37.6,,,,,39.8,,,,,42.4,,,,,45,,,,,47,,,,,48.4,,,,,48.9,,,,,48.9,,,,,49.3,,,,,49.8,,,,,50,,,,,49.9,,,,,49.5,,,,,49,,,,,48.9,,,,,49.2,,,,,49.5
Mongolia,25,,,,,24.3,,,,,23,,,,,20.4,,,,,18.3,,,,,17.5,,,,,17.8,,,,,18.5,,,,,19.3,,,,,20.3,,,,,22,,,,,24,,,,,25.7,,,,,27.1,,,,,28.2,,,,,29,,,,,29.2,,,,,29.2,,,,,30,,,,,31.4,,,,,32.7,,,,,34,,,,,35,,,,,35.7,,,,,36.4,,,,,37.1,,,,,38,,,,,39,,,,,40.1,,,,,41.1,,,,,42
Montenegro,21.6,,,,,22.2,,,,,22.9,,,,,23.5,,,,,24.1,,,,,24.9,,,,,26.7,,,,,28.3,,,,,29.8,,,,,32.2,,,,,34.4,,,,,35,,,,,36.4,,,,,37.7,,,,,38.8,,,,,40.1,,,,,41.3,,,,,42.4,,,,,43.4,,,,,44.2,,,,,44.8,,,,,45.6,,,,,46.2,,,,,46.8,,,,,47.3,,,,,47.7,,,,,48.1,,,,,48.3,,,,,48.6,,,,,48.8,,,,,49.1
Morocco,19.5,,,,,19.2,,,,,18.1,,,,,16.3,,,,,16.2,,,,,16.8,,,,,17.8,,,,,18.7,,,,,19.8,,,,,21.1,,,,,22.7,,,,,24.5,,,,,26.4,,,,,27.9,,,,,29.5,,,,,31.2,,,,,32.7,,,,,34.1,,,,,35.4,,,,,36.7,,,,,38.2,,,,,39.8,,,,,41.2,,,,,42.6,,,,,43.7,,,,,44.7,,,,,45.6,,,,,46.4,,,,,47.3,,,,,48.1,,,,,48.9
Mozambique,19.1,,,,,19.2,,,,,19,,,,,18.7,,,,,18.4,,,,,18.2,,,,,18.3,,,,,17.8,,,,,16.5,,,,,17.7,,,,,17.6,,,,,17.3,,,,,17,,,,,17.1,,,,,17.6,,,,,18.3,,,,,19,,,,,19.8,,,,,20.7,,,,,21.8,,,,,22.9,,,,,24,,,,,25.1,,,,,26.4,,,,,27.6,,,,,28.7,,,,,29.9,,,,,31.1,,,,,32.2,,,,,33.4,,,,,34.5
Myanmar,22,,,,,21.5,,,,,20.5,,,,,19.3,,,,,18.6,,,,,18.7,,,,,19.1,,,,,19.6,,,,,20.7,,,,,22,,,,,23.3,,,,,24.5,,,,,26.1,,,,,27.5,,,,,29,,,,,30.4,,,,,31.9,,,,,33.4,,,,,34.9,,,,,36.2,,,,,37.3,,,,,38.2,,,,,39.1,,,,,39.9,,,,,40.7,,,,,41.5,,,,,42.1,,,,,42.6,,,,,43.1,,,,,43.4,,,,,43.8
Namibia,20.9,,,,,20.3,,,,,19.5,,,,,18.9,,,,,18.4,,,,,17.7,,,,,16.7,,,,,16.4,,,,,17.5,,,,,18,,,,,18.5,,,,,19.5,,,,,20.5,,,,,21.1,,,,,21.8,,,,,22.5,,,,,23.3,,,,,24.4,,,,,25.7,,,,,26.9,,,,,28.1,,,,,29.3,,,,,30.4,,,,,31.5,,,,,32.6,,,,,33.6,,,,,34.7,,,,,35.8,,,,,36.9,,,,,37.8,,,,,38.7
Nepal,20.5,,,,,20.2,,,,,19.9,,,,,19.5,,,,,19.2,,,,,19.4,,,,,19.3,,,,,19,,,,,18.7,,,,,19,,,,,19.3,,,,,20.2,,,,,21.7,,,,,22.2,,,,,24.6,,,,,27.7,,,,,30.3,,,,,32.8,,,,,35.4,,,,,37.8,,,,,40.1,,,,,42.3,,,,,44.4,,,,,46.4,,,,,48.3,,,,,50.1,,,,,51.5,,,,,52.7,,,,,53.6,,,,,54.3,,,,,54.9
Netherlands,28,,,,,28.5,,,,,28.6,,,,,28.5,,,,,28.6,,,,,29.4,,,,,31.3,,,,,33.1,,,,,34.6,,,,,36,,,,,37.5,,,,,39,,,,,40.8,,,,,42.1,,,,,43.3,,,,,44.1,,,,,44.7,,,,,45.5,,,,,46.3,,,,,46.9,,,,,47.4,,,,,47.8,,,,,47.9,,,,,47.9,,,,,48,,,,,48.4,,,,,48.7,,,,,49,,,,,49.2,,,,,49.2,,,,,49.3
New Zealand,29.4,,,,,28.7,,,,,27.4,,,,,25.8,,,,,25.6,,,,,26.3,,,,,27.9,,,,,29.5,,,,,31.1,,,,,32.6,,,,,34.3,,,,,35.5,,,,,36.6,,,,,37.3,,,,,38,,,,,38.9,,,,,40,,,,,41.3,,,,,42.3,,,,,43.1,,,,,43.7,,,,,44.4,,,,,45,,,,,45.6,,,,,46.2,,,,,46.8,,,,,47.3,,,,,47.6,,,,,47.9,,,,,48.2,,,,,48.6
Nicaragua,18.2,,,,,17.4,,,,,16.4,,,,,15.4,,,,,15.8,,,,,16.2,,,,,16.4,,,,,16.4,,,,,16.9,,,,,17.9,,,,,19.3,,,,,21.1,,,,,22.9,,,,,24.6,,,,,26.5,,,,,28.3,,,,,30,,,,,31.7,,,,,33.5,,,,,35.2,,,,,37.1,,,,,38.8,,,,,40.6,,,,,42.1,,,,,43.5,,,,,44.7,,,,,45.8,,,,,46.8,,,,,47.8,,,,,48.7,,,,,49.5
Niger,15.2,,,,,15.6,,,,,15.8,,,,,15.6,,,,,15.6,,,,,15.7,,,,,16,,,,,15.7,,,,,15.8,,,,,16,,,,,15.9,,,,,15.4,,,,,15,,,,,14.9,,,,,15.2,,,,,15.6,,,,,16.1,,,,,16.7,,,,,17.4,,,,,18.2,,,,,19,,,,,20,,,,,21.2,,,,,22.3,,,,,23.5,,,,,24.7,,,,,26,,,,,27.2,,,,,28.5,,,,,29.7,,,,,30.9
Nigeria,19.1,,,,,19.1,,,,,19.1,,,,,19,,,,,18.7,,,,,18.3,,,,,18,,,,,17.5,,,,,17.4,,,,,17.7,,,,,17.9,,,,,18,,,,,17.9,,,,,17.9,,,,,18.1,,,,,18.5,,,,,19.1,,,,,19.9,,,,,20.7,,,,,21.5,,,,,22.4,,,,,23.3,,,,,24.3,,,,,25.4,,,,,26.4,,,,,27.5,,,,,28.5,,,,,29.5,,,,,30.5,,,,,31.4,,,,,32.4
North Korea,18,,,,,19.1,,,,,19.9,,,,,21.1,,,,,21,,,,,19.6,,,,,21.8,,,,,23.5,,,,,25,,,,,27.3,,,,,29.4,,,,,31.5,,,,,33,,,,,34.1,,,,,35.3,,,,,36.5,,,,,37.8,,,,,39.1,,,,,40.4,,,,,41.5,,,,,42.1,,,,,42.5,,,,,43,,,,,43.7,,,,,44.6,,,,,45.4,,,,,46,,,,,46.3,,,,,46.6,,,,,47,,,,,47.6
North Macedonia,21.8,,,,,21.6,,,,,21.5,,,,,21.7,,,,,22.5,,,,,24,,,,,25.9,,,,,27.6,,,,,29.2,,,,,30.7,,,,,32.3,,,,,34,,,,,35.7,,,,,37.4,,,,,39.1,,,,,41,,,,,42.9,,,,,44.7,,,,,46.3,,,,,47.5,,,,,48.3,,,,,48.8,,,,,49.1,,,,,49.7,,,,,50.1,,,,,50.4,,,,,50.4,,,,,50.2,,,,,50.1,,,,,50.1,,,,,50.3
Norway,32.6,,,,,33.6,,,,,34.3,,,,,34.1,,,,,32.9,,,,,32.4,,,,,33.3,,,,,34.6,,,,,35.4,,,,,36.1,,,,,36.9,,,,,38,,,,,38.7,,,,,39.2,,,,,39.8,,,,,40.6,,,,,41.5,,,,,42.3,,,,,43,,,,,43.6,,,,,44.1,,,,,44.6,,,,,45,,,,,45.2,,,,,45.4,,,,,45.8,,,,,46.1,,,,,46.4,,,,,46.6,,,,,46.8,,,,,47
Oman,18.8,,,,,18.5,,,,,18,,,,,17.4,,,,,16.9,,,,,17.1,,,,,17.6,,,,,17.5,,,,,17.9,,,,,20.9,,,,,20.9,,,,,22.9,,,,,26.2,,,,,29,,,,,30.6,,,,,32.1,,,,,33.7,,,,,34.9,,,,,35.5,,,,,36.6,,,,,38.4,,,,,40.1,,,,,42,,,,,43.7,,,,,44.9,,,,,45.5,,,,,45.6,,,,,45.5,,,,,45.5,,,,,45.8,,,,,46.1
Pakistan,19.8,,,,,20.1,,,,,20.1,,,,,19.9,,,,,19.3,,,,,18.6,,,,,18.5,,,,,18.6,,,,,18.5,,,,,18.4,,,,,18.8,,,,,19.6,,,,,20.7,,,,,21.8,,,,,22.8,,,,,23.8,,,,,24.9,,,,,26.1,,,,,27.4,,,,,28.7,,,,,30,,,,,31.4,,,,,32.6,,,,,33.8,,,,,34.9,,,,,36,,,,,37.1,,,,,38.1,,,,,39.2,,,,,40.1,,,,,41
Palestine,17.3,,,,,17,,,,,16.8,,,,,16.1,,,,,15.3,,,,,14.8,,,,,15.1,,,,,15.5,,,,,15.7,,,,,15.7,,,,,16,,,,,17,,,,,18.2,,,,,19.5,,,,,20.8,,,,,21.9,,,,,23.1,,,,,24.5,,,,,26.1,,,,,27.6,,,,,29.1,,,,,30.5,,,,,32,,,,,33.4,,,,,34.8,,,,,36.2,,,,,37.6,,,,,38.9,,,,,40.2,,,,,41.4,,,,,42.5
Panama,18.8,,,,,18.4,,,,,18,,,,,17.8,,,,,17.8,,,,,18.3,,,,,19.1,,,,,20.3,,,,,21.7,,,,,23.1,,,,,24.5,,,,,25.9,,,,,27.2,,,,,28.4,,,,,29.7,,,,,31,,,,,32.3,,,,,33.6,,,,,34.9,,,,,36.3,,,,,37.6,,,,,38.8,,,,,40,,,,,41.1,,,,,42.2,,,,,43.2,,,,,44.2,,,,,45.1,,,,,45.9,,,,,46.7,,,,,47.5
Papua New Guinea,20.3,,,,,19.5,,,,,18.9,,,,,18.2,,,,,18,,,,,18,,,,,18,,,,,18.2,,,,,18.7,,,,,19.3,,,,,19.8,,,,,20.4,,,,,20.9,,,,,21.5,,,,,22.4,,,,,23.4,,,,,24.4,,,,,25.3,,,,,26.3,,,,,27.2,,,,,28,,,,,28.9,,,,,29.8,,,,,30.7,,,,,31.6,,,,,32.5,,,,,33.3,,,,,34.2,,,,,35,,,,,35.9,,,,,36.7
Paraguay,16.5,,,,,16.2,,,,,16,,,,,16.1,,,,,16.7,,,,,17.6,,,,,18.4,,,,,18.9,,,,,19.3,,,,,19.6,,,,,20.3,,,,,21.7,,,,,23.1,,,,,24.7,,,,,26.3,,,,,27.9,,,,,29.5,,,,,31,,,,,32.4,,,,,33.9,,,,,35.3,,,,,36.8,,,,,38.2,,,,,39.6,,,,,40.8,,,,,41.9,,,,,42.9,,,,,43.8,,,,,44.7,,,,,45.5,,,,,46.3
Peru,19.2,,,,,18.7,,,,,18.2,,,,,17.7,,,,,17.6,,,,,17.9,,,,,18.5,,,,,19.2,,,,,20.1,,,,,21.2,,,,,22.7,,,,,24.1,,,,,25.5,,,,,27.5,,,,,31,,,,,32.6,,,,,34.2,,,,,35.6,,,,,36.8,,,,,38,,,,,39.4,,,,,40.5,,,,,41.8,,,,,43.2,,,,,44.4,,,,,45.5,,,,,46.4,,,,,47.2,,,,,47.9,,,,,48.7,,,,,49.4
Philippines,18.2,,,,,17.2,,,,,16.5,,,,,16.3,,,,,16.7,,,,,17.4,,,,,18,,,,,18.7,,,,,19.2,,,,,19.8,,,,,20.5,,,,,21.3,,,,,23.1,,,,,24.1,,,,,25.7,,,,,27.3,,,,,28.8,,,,,30.2,,,,,31.7,,,,,33.2,,,,,34.7,,,,,35.9,,,,,37.2,,,,,38.4,,,,,39.7,,,,,40.9,,,,,41.9,,,,,43,,,,,43.9,,,,,44.8,,,,,45.6
Poland,25.8,,,,,26,,,,,26.5,,,,,27.4,,,,,28.1,,,,,28.6,,,,,29.5,,,,,30.7,,,,,32.2,,,,,33.6,,,,,35,,,,,36.6,,,,,38.1,,,,,39.7,,,,,41.7,,,,,43.7,,,,,46,,,,,48,,,,,49.7,,,,,50.8,,,,,51.2,,,,,50.9,,,,,51.2,,,,,51.5,,,,,51.8,,,,,51.8,,,,,51.5,,,,,51,,,,,50.7,,,,,50.9,,,,,51.2
Portugal,26.1,,,,,27.3,,,,,27.9,,,,,28.9,,,,,29.6,,,,,29.8,,,,,30.6,,,,,32.1,,,,,34.2,,,,,36,,,,,37.8,,,,,39.4,,,,,41.6,,,,,43.9,,,,,46.2,,,,,48.1,,,,,49.8,,,,,51,,,,,51.6,,,,,51.9,,,,,52.2,,,,,52.6,,,,,52.8,,,,,52.7,,,,,52.3,,,,,51.7,,,,,51.4,,,,,51.4,,,,,51.5,,,,,51.5,,,,,51.5
Qatar,18.9,,,,,19.4,,,,,19.4,,,,,20.4,,,,,22,,,,,23.2,,,,,23.4,,,,,26.9,,,,,28.7,,,,,29,,,,,30.5,,,,,31,,,,,31.6,,,,,31.5,,,,,32.3,,,,,33.6,,,,,35.3,,,,,37.1,,,,,38.7,,,,,40.1,,,,,41.4,,,,,42.4,,,,,43.2,,,,,43.6,,,,,43.9,,,,,44,,,,,43.9,,,,,43.6,,,,,43.4,,,,,43.1,,,,,42.9
Romania,26.3,,,,,27.2,,,,,28.3,,,,,29.9,,,,,30.6,,,,,30.2,,,,,30.4,,,,,31.6,,,,,32.6,,,,,33.9,,,,,34.9,,,,,37.1,,,,,39.4,,,,,41.3,,,,,43.2,,,,,44.8,,,,,45.5,,,,,46.7,,,,,47.5,,,,,47.5,,,,,47.4,,,,,47.6,,,,,47.9,,,,,47.9,,,,,47.9,,,,,47.8,,,,,47.7,,,,,47.9,,,,,48.2,,,,,48.5,,,,,48.8
Russia,24.3,,,,,26.1,,,,,27.2,,,,,28.6,,,,,30.8,,,,,30.8,,,,,31.4,,,,,32.2,,,,,33.4,,,,,35,,,,,36.5,,,,,37.3,,,,,38,,,,,38.6,,,,,39.6,,,,,41,,,,,42.7,,,,,44,,,,,43.9,,,,,42.4,,,,,41.7,,,,,42,,,,,42.6,,,,,43.1,,,,,43.1,,,,,42.8,,,,,42.5,,,,,42.7,,,,,43.3,,,,,44,,,,,44.5
Rwanda,18,,,,,17.5,,,,,16.3,,,,,15.4,,,,,16,,,,,16.3,,,,,16,,,,,15.2,,,,,15.3,,,,,18.3,,,,,17.4,,,,,18.1,,,,,18.9,,,,,19.4,,,,,20,,,,,20.9,,,,,22.1,,,,,23.2,,,,,24.4,,,,,25.8,,,,,27.2,,,,,28.6,,,,,30,,,,,31.4,,,,,32.9,,,,,34.4,,,,,35.9,,,,,37.4,,,,,38.9,,,,,40.3,,,,,41.6
Samoa,16.6,,,,,15.6,,,,,15.2,,,,,14.5,,,,,14.7,,,,,15,,,,,16.4,,,,,17.6,,,,,18.7,,,,,19.1,,,,,19.5,,,,,20.3,,,,,20.8,,,,,20.9,,,,,21.8,,,,,22.6,,,,,23.5,,,,,24.5,,,,,25.6,,,,,26.9,,,,,27.9,,,,,28.6,,,,,29.5,,,,,30.6,,,,,32,,,,,33.3,,,,,34.8,,,,,36.3,,,,,37.8,,,,,39.2,,,,,40.4
Sao Tome and Principe,24.5,,,,,24.5,,,,,24.4,,,,,20.1,,,,,16.2,,,,,16,,,,,16.1,,,,,15.9,,,,,15.7,,,,,16.3,,,,,17.2,,,,,17.6,,,,,18.3,,,,,18.3,,,,,18.6,,,,,19.5,,,,,20.7,,,,,21.7,,,,,22.7,,,,,23.5,,,,,24.4,,,,,25.4,,,,,26.5,,,,,27.7,,,,,28.8,,,,,29.9,,,,,31,,,,,32.2,,,,,33.3,,,,,34.4,,,,,35.4
Saudi Arabia,19,,,,,18.8,,,,,18.5,,,,,18.2,,,,,18,,,,,18,,,,,18.4,,,,,19.3,,,,,19.5,,,,,19.4,,,,,21.3,,,,,23.7,,,,,26,,,,,30,,,,,31.8,,,,,33.3,,,,,35,,,,,36.3,,,,,37.6,,,,,38.9,,,,,40.2,,,,,41.6,,,,,42.9,,,,,44,,,,,44.9,,,,,45.5,,,,,45.8,,,,,46.1,,,,,46.5,,,,,47,,,,,47.4
Senegal,19.1,,,,,18.6,,,,,18.2,,,,,17.7,,,,,17.7,,,,,17.7,,,,,16.8,,,,,16.4,,,,,16.5,,,,,16.9,,,,,17.3,,,,,17.8,,,,,18,,,,,18.1,,,,,18.5,,,,,19.2,,,,,20.1,,,,,21.2,,,,,22.2,,,,,23.2,,,,,24.1,,,,,25,,,,,26,,,,,27.1,,,,,28.1,,,,,29.1,,,,,30.2,,,,,31.2,,,,,32.2,,,,,33.3,,,,,34.3
Serbia,25.8,,,,,26.5,,,,,27.9,,,,,29.2,,,,,30.1,,,,,29.9,,,,,30.9,,,,,32.1,,,,,33.2,,,,,34.1,,,,,36.1,,,,,37.2,,,,,38.7,,,,,40.5,,,,,41.6,,,,,42.8,,,,,44.1,,,,,45.6,,,,,46.8,,,,,47.8,,,,,48.8,,,,,49.7,,,,,50.6,,,,,51.1,,,,,51.5,,,,,51.7,,,,,51.8,,,,,51.8,,,,,51.9,,,,,52,,,,,52.1
Seychelles,26.1,,,,,24.1,,,,,22,,,,,19.9,,,,,18,,,,,18.9,,,,,19.9,,,,,21.8,,,,,21.9,,,,,24.5,,,,,26.2,,,,,28.9,,,,,31.3,,,,,32.8,,,,,34.2,,,,,35.5,,,,,36.7,,,,,37.4,,,,,37.6,,,,,37.9,,,,,38.6,,,,,39.5,,,,,40.4,,,,,41.1,,,,,41.7,,,,,42.3,,,,,43.2,,,,,44.2,,,,,45.2,,,,,46.2,,,,,47.1
Sierra Leone,20.4,,,,,20.9,,,,,21,,,,,20.8,,,,,20.3,,,,,19.5,,,,,18.8,,,,,18.3,,,,,18,,,,,17.7,,,,,17.7,,,,,17.9,,,,,18.2,,,,,18.7,,,,,19.4,,,,,20.3,,,,,21.5,,,,,22.7,,,,,23.9,,,,,25.2,,,,,26.5,,,,,27.8,,,,,29,,,,,30.3,,,,,31.5,,,,,32.7,,,,,33.9,,,,,34.9,,,,,35.9,,,,,36.9,,,,,37.7
Singapore,20,,,,,19.4,,,,,18.8,,,,,18.1,,,,,19.7,,,,,21.9,,,,,24.5,,,,,27.3,,,,,29.3,,,,,32.4,,,,,34.8,,,,,36.4,,,,,37.9,,,,,39.7,,,,,42.2,,,,,44.6,,,,,46.8,,,,,48.8,,,,,50.5,,,,,52.1,,,,,53.4,,,,,54.3,,,,,54,,,,,53.5,,,,,53.1,,,,,53.2,,,,,53.2,,,,,53,,,,,52.7,,,,,52.4,,,,,52.2
Slovak Republic,27,,,,,27.4,,,,,27.6,,,,,28,,,,,28.3,,,,,28.4,,,,,28.8,,,,,30,,,,,31.2,,,,,32.4,,,,,33.9,,,,,35.4,,,,,37.3,,,,,39.2,,,,,41.2,,,,,43.2,,,,,45.1,,,,,46.9,,,,,48.3,,,,,49.1,,,,,49.1,,,,,48.8,,,,,48.8,,,,,48.9,,,,,49,,,,,48.9,,,,,48.6,,,,,48.2,,,,,48.1,,,,,48.3,,,,,48.7
Slovenia,27.7,,,,,28.2,,,,,29.2,,,,,30.3,,,,,31,,,,,31.4,,,,,31.6,,,,,32.5,,,,,34.2,,,,,36.2,,,,,38.1,,,,,40.1,,,,,41.6,,,,,43,,,,,44.5,,,,,46.3,,,,,48,,,,,49.4,,,,,50.4,,,,,50.4,,,,,49.6,,,,,48.9,,,,,48.9,,,,,49.1,,,,,49.1,,,,,48.7,,,,,48.1,,,,,47.9,,,,,48.1,,,,,48.5,,,,,49
Solomon Islands,18.3,,,,,18.6,,,,,18.3,,,,,18.3,,,,,18.2,,,,,16.3,,,,,16.3,,,,,16.2,,,,,17,,,,,17.9,,,,,18.7,,,,,19.1,,,,,19.5,,,,,19.6,,,,,19.9,,,,,20.4,,,,,21.1,,,,,22,,,,,22.9,,,,,23.8,,,,,24.6,,,,,25.4,,,,,26.3,,,,,27.3,,,,,28.3,,,,,29.3,,,,,30.4,,,,,31.5,,,,,32.6,,,,,33.8,,,,,34.9
Somalia,19.5,,,,,19.2,,,,,18.9,,,,,18.5,,,,,18.3,,,,,18.2,,,,,18.1,,,,,18,,,,,17.8,,,,,17.3,,,,,16.5,,,,,16.1,,,,,15.9,,,,,16.2,,,,,16.7,,,,,17.2,,,,,17.6,,,,,18.1,,,,,18.8,,,,,19.6,,,,,20.5,,,,,21.5,,,,,22.4,,,,,23.4,,,,,24.3,,,,,25.3,,,,,26.3,,,,,27.3,,,,,28.3,,,,,29.2,,,,,30.2
South Africa,21.1,,,,,20.6,,,,,19.9,,,,,19.4,,,,,19.1,,,,,19.3,,,,,19.4,,,,,19.5,,,,,19.8,,,,,21.3,,,,,22.6,,,,,23.8,,,,,25,,,,,26.4,,,,,27.6,,,,,28.7,,,,,29.6,,,,,30.5,,,,,31.6,,,,,32.7,,,,,33.9,,,,,34.9,,,,,35.8,,,,,36.6,,,,,37.4,,,,,38.1,,,,,38.8,,,,,39.5,,,,,40.2,,,,,40.7,,,,,41.2
South Korea,19,,,,,18.9,,,,,18.6,,,,,18.4,,,,,19,,,,,19.9,,,,,22.1,,,,,24.3,,,,,27,,,,,29.3,,,,,31.9,,,,,34.8,,,,,38,,,,,40.8,,,,,43.7,,,,,46.5,,,,,49.1,,,,,51.4,,,,,53.4,,,,,54.9,,,,,56.5,,,,,57.7,,,,,58.5,,,,,58.5,,,,,58.3,,,,,57.9,,,,,57.1,,,,,56.2,,,,,55.7,,,,,55.1,,,,,54.6
South Sudan,18.5,,,,,18.9,,,,,19,,,,,19,,,,,18.6,,,,,18,,,,,17.8,,,,,17.8,,,,,17.8,,,,,17.7,,,,,17.6,,,,,17.7,,,,,18,,,,,18.4,,,,,19,,,,,19.7,,,,,20.5,,,,,21.4,,,,,22.4,,,,,23.4,,,,,24.4,,,,,25.4,,,,,26.5,,,,,27.5,,,,,28.5,,,,,29.5,,,,,30.5,,,,,31.5,,,,,32.4,,,,,33.3,,,,,34.2
Spain,27.5,,,,,28.6,,,,,29.2,,,,,30,,,,,29.8,,,,,29.9,,,,,30.4,,,,,31.6,,,,,33.4,,,,,35.5,,,,,37.6,,,,,39.1,,,,,40,,,,,42.5,,,,,44.9,,,,,47.3,,,,,49.6,,,,,51.4,,,,,52.6,,,,,53.2,,,,,53.2,,,,,53.2,,,,,53.2,,,,,53.4,,,,,53.2,,,,,52.6,,,,,52,,,,,51.7,,,,,51.7,,,,,52,,,,,52.2
Sri Lanka,21.2,,,,,20,,,,,19.1,,,,,19.1,,,,,19.6,,,,,20.6,,,,,21.7,,,,,22.8,,,,,24.2,,,,,25.8,,,,,27.6,,,,,29,,,,,30.4,,,,,32.3,,,,,34,,,,,35.4,,,,,36.6,,,,,37.6,,,,,38.7,,,,,39.9,,,,,41.2,,,,,42.6,,,,,44,,,,,45.3,,,,,46.3,,,,,47.4,,,,,48.5,,,,,49.9,,,,,51.2,,,,,52.5,,,,,53.7
St. Lucia,20.7,,,,,20.1,,,,,17.7,,,,,16.4,,,,,14.9,,,,,16.5,,,,,17.5,,,,,18.9,,,,,21.4,,,,,23.1,,,,,24.2,,,,,26.1,,,,,30.3,,,,,32.4,,,,,34.5,,,,,36.6,,,,,39,,,,,41.6,,,,,44.2,,,,,46.5,,,,,48.4,,,,,49.9,,,,,50.8,,,,,51.5,,,,,52.3,,,,,52.9,,,,,53.1,,,,,53,,,,,52.5,,,,,52.1,,,,,51.8
St. Vincent and the Grenadines,15.4,,,,,14.9,,,,,15.2,,,,,14.8,,,,,15.1,,,,,16.1,,,,,17.5,,,,,19.1,,,,,20.4,,,,,22.3,,,,,24.2,,,,,26.3,,,,,29.2,,,,,31.6,,,,,32.9,,,,,34.2,,,,,35.6,,,,,37.4,,,,,39.1,,,,,40.7,,,,,42,,,,,43.2,,,,,44.4,,,,,45.4,,,,,46.3,,,,,47.2,,,,,47.9,,,,,48.6,,,,,49.1,,,,,49.5,,,,,49.9
Sudan,18.1,,,,,17.8,,,,,17.5,,,,,17.1,,,,,16.8,,,,,16.5,,,,,16.4,,,,,16.6,,,,,17,,,,,17.7,,,,,17.9,,,,,18.1,,,,,18.3,,,,,18.9,,,,,19.7,,,,,20.6,,,,,21.6,,,,,22.5,,,,,23.3,,,,,24.2,,,,,25.1,,,,,26.1,,,,,27.1,,,,,28.1,,,,,29.1,,,,,29.9,,,,,30.9,,,,,31.7,,,,,32.6,,,,,33.5,,,,,34.4
Suriname,20.1,,,,,19,,,,,16.7,,,,,16.2,,,,,15.9,,,,,16.1,,,,,18.9,,,,,21.4,,,,,22.6,,,,,23.6,,,,,24.8,,,,,25.5,,,,,26.7,,,,,27.9,,,,,29,,,,,30.2,,,,,31.5,,,,,32.7,,,,,33.9,,,,,35.1,,,,,36.3,,,,,37.5,,,,,38.6,,,,,39.7,,,,,40.8,,,,,41.8,,,,,42.7,,,,,43.6,,,,,44.4,,,,,45.2,,,,,45.9
Sweden,34.2,,,,,35.1,,,,,36,,,,,36.2,,,,,35.4,,,,,35.4,,,,,36.3,,,,,37.7,,,,,38.4,,,,,38.5,,,,,39.4,,,,,40.3,,,,,40.7,,,,,40.9,,,,,41.1,,,,,41.4,,,,,42.2,,,,,43.1,,,,,43.9,,,,,43.7,,,,,43.8,,,,,44.1,,,,,44.5,,,,,44.9,,,,,45.3,,,,,45.6,,,,,45.8,,,,,45.9,,,,,46.1,,,,,46.5,,,,,46.9
Switzerland,33.2,,,,,33,,,,,32.7,,,,,31.5,,,,,31.8,,,,,32.9,,,,,34.6,,,,,36,,,,,36.9,,,,,37.2,,,,,38.6,,,,,40,,,,,41.5,,,,,42.2,,,,,43.1,,,,,44,,,,,45.2,,,,,46.2,,,,,47,,,,,47.5,,,,,47.5,,,,,47.3,,,,,47.1,,,,,47.1,,,,,47.3,,,,,47.4,,,,,47.5,,,,,47.4,,,,,47.4,,,,,47.6,,,,,47.8
Syria,20.3,,,,,18.8,,,,,17,,,,,15.8,,,,,15.9,,,,,15.8,,,,,15.5,,,,,15.6,,,,,16.3,,,,,17.5,,,,,18.7,,,,,19.6,,,,,21.1,,,,,23.6,,,,,25.6,,,,,27.8,,,,,29.1,,,,,30,,,,,31.3,,,,,32.7,,,,,34.3,,,,,36.2,,,,,38.1,,,,,39.8,,,,,41,,,,,41.8,,,,,42.6,,,,,43.6,,,,,44.7,,,,,45.9,,,,,47
Tajikistan,22.3,,,,,22.4,,,,,21.6,,,,,18.6,,,,,17.1,,,,,17.6,,,,,18.2,,,,,18.4,,,,,18.1,,,,,17.8,,,,,18.3,,,,,19.8,,,,,21.3,,,,,22,,,,,22.4,,,,,22.7,,,,,23.2,,,,,23.9,,,,,24.8,,,,,25.9,,,,,26.9,,,,,27.8,,,,,28.5,,,,,29.4,,,,,30.6,,,,,31.9,,,,,33.2,,,,,34.3,,,,,35.5,,,,,36.7,,,,,38
Tanzania,16.9,,,,,17.1,,,,,17.1,,,,,17.1,,,,,17,,,,,16.8,,,,,16.8,,,,,16.9,,,,,17,,,,,17.2,,,,,17.4,,,,,17.4,,,,,17.4,,,,,17.6,,,,,18,,,,,18.6,,,,,19.3,,,,,20,,,,,20.7,,,,,21.5,,,,,22.3,,,,,23.2,,,,,24.1,,,,,25,,,,,25.9,,,,,26.9,,,,,27.9,,,,,28.8,,,,,29.8,,,,,30.9,,,,,31.9
Thailand,18.6,,,,,18.9,,,,,18.8,,,,,18.3,,,,,18,,,,,18.5,,,,,19.7,,,,,21.8,,,,,24.3,,,,,26.6,,,,,30.2,,,,,32.8,,,,,35.5,,,,,37.9,,,,,40.1,,,,,42,,,,,43.7,,,,,45.2,,,,,46.8,,,,,48.3,,,,,49.7,,,,,50.6,,,,,51.3,,,,,51.9,,,,,52.3,,,,,52.6,,,,,52.8,,,,,52.7,,,,,52.6,,,,,52.5,,,,,52.3
Timor-Leste,18.1,,,,,18.4,,,,,18.9,,,,,19.4,,,,,19.9,,,,,19.7,,,,,19.4,,,,,20.1,,,,,20.6,,,,,20.4,,,,,17.6,,,,,17.6,,,,,18.2,,,,,19.6,,,,,20.8,,,,,21.9,,,,,23.1,,,,,24.1,,,,,25.2,,,,,26.8,,,,,28.3,,,,,29.9,,,,,31.6,,,,,33.2,,,,,34.7,,,,,36.2,,,,,37.5,,,,,38.8,,,,,40,,,,,41.3,,,,,42.6
Togo,19.4,,,,,18.9,,,,,18.5,,,,,18.1,,,,,17.6,,,,,17.1,,,,,16.8,,,,,16.7,,,,,16.8,,,,,17.1,,,,,18,,,,,18.3,,,,,18.5,,,,,18.8,,,,,19.4,,,,,20.1,,,,,21.1,,,,,22,,,,,22.8,,,,,23.6,,,,,24.4,,,,,25.3,,,,,26.2,,,,,27.1,,,,,28.1,,,,,29,,,,,29.9,,,,,30.8,,,,,31.8,,,,,32.7,,,,,33.7
Tonga,15.5,,,,,17.2,,,,,17.3,,,,,16.9,,,,,15.9,,,,,16.9,,,,,18.3,,,,,18.4,,,,,19.7,,,,,19.8,,,,,19.9,,,,,21,,,,,21.2,,,,,21.9,,,,,22.4,,,,,23.3,,,,,24.4,,,,,25.4,,,,,26.4,,,,,27.3,,,,,28.2,,,,,29.1,,,,,30.2,,,,,31.3,,,,,32.5,,,,,33.8,,,,,35,,,,,36.2,,,,,37.3,,,,,38.5,,,,,39.7
Trinidad and Tobago,20.9,,,,,19.4,,,,,18.7,,,,,18.2,,,,,18.8,,,,,20.1,,,,,21.6,,,,,22.7,,,,,24.1,,,,,25.7,,,,,27.7,,,,,29.8,,,,,31.9,,,,,33.8,,,,,36.2,,,,,38.4,,,,,40.6,,,,,42,,,,,43,,,,,43.5,,,,,44.2,,,,,45.3,,,,,46.3,,,,,47.1,,,,,47.6,,,,,47.6,,,,,47.7,,,,,47.9,,,,,48.4,,,,,48.8,,,,,49.1
Tunisia,20.3,,,,,19.4,,,,,18.5,,,,,17.5,,,,,17,,,,,17.8,,,,,18.6,,,,,19.9,,,,,21.3,,,,,23.1,,,,,25.1,,,,,27.2,,,,,29.3,,,,,31.3,,,,,32.8,,,,,34.4,,,,,36.1,,,,,37.4,,,,,38.4,,,,,39.1,,,,,39.9,,,,,41.3,,,,,42.7,,,,,44,,,,,45,,,,,45.5,,,,,45.8,,,,,46.2,,,,,46.8,,,,,47.6,,,,,48.3
Turkey,19.7,,,,,19.8,,,,,19.4,,,,,19.1,,,,,19,,,,,19.6,,,,,20,,,,,21,,,,,22.1,,,,,23.5,,,,,24.9,,,,,26.6,,,,,28.3,,,,,29.9,,,,,31.5,,,,,33.3,,,,,35,,,,,36.8,,,,,38.5,,,,,40.2,,,,,41.7,,,,,43.1,,,,,44.5,,,,,45.7,,,,,46.8,,,,,47.8,,,,,48.5,,,,,49.3,,,,,49.9,,,,,50.5,,,,,51
Turkmenistan,23.5,,,,,23,,,,,21.7,,,,,18.7,,,,,17.7,,,,,18,,,,,18.7,,,,,19.4,,,,,19.6,,,,,20.1,,,,,21.7,,,,,23,,,,,24.4,,,,,25.6,,,,,26.9,,,,,28,,,,,28.8,,,,,29.5,,,,,30.2,,,,,31.6,,,,,33,,,,,34.2,,,,,35.3,,,,,36.1,,,,,36.7,,,,,37.5,,,,,38.4,,,,,39.4,,,,,40.4,,,,,41.2,,,,,41.8
Uganda,18.2,,,,,17.8,,,,,17.1,,,,,16.8,,,,,16.5,,,,,16.5,,,,,16.4,,,,,16.3,,,,,15.9,,,,,15.5,,,,,15.2,,,,,15.2,,,,,15.4,,,,,15.9,,,,,16.7,,,,,17.8,,,,,19.1,,,,,20.4,,,,,21.9,,,,,23.3,,,,,24.8,,,,,26.3,,,,,27.8,,,,,29.3,,,,,30.9,,,,,32.3,,,,,33.8,,,,,35.2,,,,,36.5,,,,,37.8,,,,,38.9
Ukraine,27.6,,,,,28.3,,,,,28.9,,,,,29.8,,,,,32,,,,,33.3,,,,,33.5,,,,,34,,,,,35.3,,,,,36.4,,,,,37.8,,,,,39.1,,,,,39.5,,,,,40,,,,,41.2,,,,,42.8,,,,,44.5,,,,,46.2,,,,,47.3,,,,,47.3,,,,,46.6,,,,,46.7,,,,,47.4,,,,,47.8,,,,,47.8,,,,,47.3,,,,,46.8,,,,,46.8,,,,,47,,,,,47.4,,,,,47.7
United Arab Emirates,18.9,,,,,18.4,,,,,17.8,,,,,20.2,,,,,22.8,,,,,25.5,,,,,26.2,,,,,26.2,,,,,26.6,,,,,27.7,,,,,28,,,,,29.7,,,,,31.8,,,,,32.6,,,,,32.6,,,,,32.9,,,,,33.4,,,,,33.6,,,,,33.7,,,,,34,,,,,34.5,,,,,34.8,,,,,35,,,,,35.2,,,,,35.2,,,,,35.3,,,,,35.5,,,,,35.8,,,,,36.1,,,,,36.3,,,,,36.5
United Kingdom,34.9,,,,,35.1,,,,,35.6,,,,,35.1,,,,,34.2,,,,,34,,,,,34.4,,,,,35.4,,,,,35.8,,,,,36.5,,,,,37.6,,,,,38.7,,,,,39.5,,,,,40,,,,,40.5,,,,,41.4,,,,,42.4,,,,,43.3,,,,,44.1,,,,,44.5,,,,,44.5,,,,,44.9,,,,,45.4,,,,,45.8,,,,,46.2,,,,,46.4,,,,,46.5,,,,,46.7,,,,,46.9,,,,,47.2,,,,,47.6
United States,30.2,,,,,30.3,,,,,29.7,,,,,28.6,,,,,28.4,,,,,29,,,,,30,,,,,31.4,,,,,32.8,,,,,34,,,,,35.2,,,,,36.1,,,,,36.9,,,,,37.6,,,,,38.3,,,,,39.1,,,,,39.9,,,,,40.9,,,,,41.6,,,,,42.2,,,,,42.7,,,,,43.1,,,,,43.4,,,,,43.7,,,,,44.1,,,,,44.5,,,,,44.8,,,,,45,,,,,45.2,,,,,45.3,,,,,45.5
Uruguay,27.8,,,,,28.4,,,,,28.9,,,,,29.3,,,,,29.6,,,,,30,,,,,30.2,,,,,30.4,,,,,30.7,,,,,31.1,,,,,31.6,,,,,32.7,,,,,33.9,,,,,35,,,,,35.8,,,,,36.8,,,,,37.9,,,,,39.2,,,,,40.5,,,,,41.6,,,,,42.5,,,,,43.4,,,,,44.3,,,,,45.2,,,,,46,,,,,46.8,,,,,47.4,,,,,47.9,,,,,48.4,,,,,48.8,,,,,49.2
Uzbekistan,23.9,,,,,23.6,,,,,22.2,,,,,19,,,,,17.5,,,,,18,,,,,18.9,,,,,19.6,,,,,19.6,,,,,19.8,,,,,21,,,,,22.8,,,,,24.4,,,,,26.2,,,,,27.8,,,,,29.6,,,,,31,,,,,32,,,,,32.9,,,,,34,,,,,35.4,,,,,36.9,,,,,38.2,,,,,39.2,,,,,39.9,,,,,40.6,,,,,41.4,,,,,42.4,,,,,43.3,,,,,44,,,,,44.6
Vanuatu,16.8,,,,,16.8,,,,,16.8,,,,,16.8,,,,,17.3,,,,,17.3,,,,,17.5,,,,,17.7,,,,,18.1,,,,,18.5,,,,,18.8,,,,,19.8,,,,,21.2,,,,,20.8,,,,,21.1,,,,,21.7,,,,,22.7,,,,,23.8,,,,,24.7,,,,,25.7,,,,,26.5,,,,,27.4,,,,,28.2,,,,,29.1,,,,,30,,,,,30.9,,,,,31.8,,,,,32.7,,,,,33.6,,,,,34.5,,,,,35.5
Venezuela,17.2,,,,,17.3,,,,,17,,,,,16.9,,,,,17.1,,,,,17.9,,,,,18.9,,,,,19.9,,,,,20.9,,,,,22,,,,,23.2,,,,,24.5,,,,,25.8,,,,,27.3,,,,,29.6,,,,,30.7,,,,,32.1,,,,,33.4,,,,,34.9,,,,,36.5,,,,,38,,,,,39.3,,,,,40.1,,,,,41,,,,,42.1,,,,,43.2,,,,,44.2,,,,,45.1,,,,,45.8,,,,,46.4,,,,,47
Vietnam,24.5,,,,,23.6,,,,,21.9,,,,,19.2,,,,,18.2,,,,,18.3,,,,,19.1,,,,,20,,,,,21.1,,,,,22.3,,,,,24.2,,,,,26.4,,,,,28.5,,,,,30.5,,,,,32.5,,,,,34.6,,,,,36.7,,,,,38.5,,,,,39.7,,,,,40.4,,,,,41.2,,,,,42.1,,,,,43.1,,,,,44.2,,,,,45,,,,,45.5,,,,,45.7,,,,,45.7,,,,,46,,,,,46.5,,,,,47.1
Yemen,18.9,,,,,18.9,,,,,18.8,,,,,18.6,,,,,17.6,,,,,15.9,,,,,15.2,,,,,14.8,,,,,14.4,,,,,14.9,,,,,15.5,,,,,16.6,,,,,17.9,,,,,19.1,,,,,20.2,,,,,21.4,,,,,22.8,,,,,24.3,,,,,25.9,,,,,27.6,,,,,29.2,,,,,30.9,,,,,32.5,,,,,34.1,,,,,35.6,,,,,37,,,,,38.4,,,,,39.6,,,,,40.8,,,,,41.8,,,,,42.7
Zambia,17.5,,,,,17.4,,,,,17.1,,,,,16.4,,,,,16,,,,,15.7,,,,,15.7,,,,,15.9,,,,,16.2,,,,,16.4,,,,,16.6,,,,,16.3,,,,,16.2,,,,,16.7,,,,,17.6,,,,,18.5,,,,,19.3,,,,,20.2,,,,,21,,,,,21.8,,,,,22.8,,,,,23.7,,,,,24.6,,,,,25.5,,,,,26.5,,,,,27.4,,,,,28.3,,,,,29.2,,,,,30.2,,,,,31.1,,,,,32.1
Zimbabwe,19,,,,,18.1,,,,,17.2,,,,,16,,,,,15.6,,,,,15.4,,,,,15.1,,,,,16,,,,,16.9,,,,,17.6,,,,,18.2,,,,,18.3,,,,,18.6,,,,,18.4,,,,,18.7,,,,,19.6,,,,,21.1,,,,,22.8,,,,,24.4,,,,,25.7,,,,,26.9,,,,,28.2,,,,,29.5,,,,,30.9,,,,,32.3,,,,,33.7,,,,,35,,,,,36.2,,,,,37.3,,,,,38.2,,,,,39
